timestamp,ax,ay,az,gx,gy,gz,gnss_lat,gnss_lon,gnss_head
0.02,0.0944,0.1348,9.8336,0.0003,0.0003,0.0182,52.5618279,-1.45523,17.309
0.12,0.0343,-0.083,9.9933,0.0239,0.0239,0.0427,52.5618284,-1.4552299,15.957000000044923
0.22,-0.1262,0.0623,9.732,-0.0271,-0.0271,-0.0228,52.5618289,-1.4552295,19.04399999990294
0.32,0.0465,-0.0244,9.9253,0.0,0.0,0.0226,52.5618295,-1.4552292999999998,15.709000000097062
0.42,0.0531,0.1501,9.8509,0.0048,0.0048,-0.0356,52.56183,-1.455229,16.66899999998603
0.52,-0.3031,-0.04,9.863,-0.0162,-0.0162,0.008,52.5618306,-1.4552288,15.836
0.62,-0.1031,-0.131,9.8922,0.0087,0.0087,0.0029,52.5618311,-1.4552287,13.568000000021522
0.72,0.0352,0.116,9.7963,-0.0037,-0.0037,0.0001,52.5618317,-1.4552284,15.04699999992113
0.82,0.0935,-0.115,9.9135,-0.0082,-0.0082,0.0021,52.5618324,-1.4552282,12.337000000078874
0.92,-0.1435,0.0572,9.7802,0.0002,0.0002,-0.0016,52.561833,-1.4552279,15.072999999960187
1.02,-0.0446,-0.0627,9.9075,-0.0077,-0.0077,0.0017,52.561833500000006,-1.4552278,11.004
1.12,-0.0267,0.0162,9.836,-0.0129,-0.0129,0.0171,52.561834100000006,-1.4552273999999998,16.983999999917604
1.22,-0.2089,-0.03,9.868,0.005,0.005,-0.0005,52.561834600000005,-1.4552273999999998,11.322000000058118
1.32,0.1592,-0.1985,10.0168,-0.0244,-0.0244,0.0202,52.5618351,-1.4552272,13.318999999941882
1.42,0.1705,0.1579,9.8721,0.0086,0.0086,-0.0059,52.5618357,-1.4552272,7.050000000091231
1.52,0.0653,-0.0814,9.8808,0.0068,0.0068,-0.0209,52.561836,-1.4552269,13.249
1.62,-0.1702,-0.1032,9.8916,-0.015,-0.015,-0.003,52.5618363,-1.4552268,13.805000000022934
1.719,-0.0126,-0.1007,9.9447,-0.0053,-0.0053,0.0032,52.561836597,-1.4552266019999998,15.365240000045638
1.82,0.1346,-0.0663,9.8053,-0.0035,-0.0035,0.0186,52.5618369,-1.4552264,17.897999999926746
1.92,0.0229,-0.0647,9.8768,0.0095,0.0095,-0.0117,52.56183740000001,-1.4552264,11.139000000098362
2.019,-0.078,-0.1079,9.8789,-0.0215,-0.0215,0.008,52.561837598,-1.4552262019999997,17.122559999999126
2.12,0.1383,-0.0039,9.5927,-0.0277,-0.0277,-0.0135,52.5618381,-1.4552261000000002,15.221999999947828
2.22,0.0603,0.3999,9.495,0.0432,0.0432,0.0184,52.56183839999999,-1.455226,11.637000000180164
2.32,-0.3417,-0.0657,9.6021,-0.0035,-0.0035,-0.0114,52.5618389,-1.4552257,17.82699999981984
2.42,-0.4797,0.0194,9.7442,-0.017,-0.017,0.0463,52.5618394,-1.4552256,14.522000000048097
2.519,-0.1729,0.0237,9.8284,-0.0121,-0.0121,-0.0053,52.561839993999996,-1.455225402,13.571600000000139
2.62,0.1572,0.146,9.7664,-0.0067,-0.0067,-0.0291,52.5618405,-1.4552252,14.689999999930698
2.72,0.1454,0.0001,9.7857,0.0085,0.0085,0.0047,52.5618411,-1.4552251,9.928000000102482
2.82,-0.3266,-0.0542,9.9032,-0.0012,-0.0012,0.019,52.5618417,-1.4552248,13.44899999989752
2.919,-0.1853,-0.2191,9.862,-0.0001,-0.0001,-0.0141,52.56184209600001,-1.455224602,14.293469999987463
3.02,-0.0906,0.1413,9.8324,-0.0107,-0.0107,-0.0068,52.56184270000001,-1.4552245,9.58
3.12,0.098,-0.0312,9.809,-0.0026,-0.0026,-0.0128,52.561843,-1.4552242,14.250999999959994
3.222,-0.2104,-0.0732,9.8048,0.0098,0.0098,-0.0218,52.561843606000004,-1.455224098,11.481879999971893
3.32,-0.2094,-0.0475,9.8765,0.0042,0.0042,0.0159,52.5618439,-1.455224,10.49600000002928
3.42,-0.0005,-0.0432,9.7426,0.0172,0.0172,0.0024,52.5618443,-1.4552239,15.390999999928763
3.52,-0.1464,-0.0196,9.7925,-0.0155,-0.0155,0.0063,52.5618447,-1.4552237,16.455
3.62,0.0324,-0.0814,9.8016,-0.0097,-0.0097,-0.0002,52.5618448,-1.4552236,16.113999999957883
3.719,0.0282,-0.1521,9.8839,-0.0067,-0.0067,-0.0048,52.561845196,-1.455223501,13.2489399999162
3.82,-0.0511,-0.0452,9.8206,-0.0015,-0.0015,-0.0054,52.5618455,-1.4552233,15.543999999932359
3.92,-0.1223,-0.1497,9.8752,0.0002,0.0002,0.0056,52.5618456,-1.4552232,16.49099999998622
4.02,-0.113,0.023,9.837,0.0005,0.0005,0.0001,52.5618461,-1.4552231,14.806000000000006
4.12,0.1495,-0.2298,9.9524,-0.0069,-0.0069,0.0196,52.5618463,-1.4552229,16.995999999999867
4.22,-0.0559,-0.1092,9.815,0.0018,0.0018,-0.0112,52.5618464,-1.4552228000000005,16.987000000082663
4.32,-0.2573,-0.0162,9.8475,0.0045,0.0045,-0.0169,52.5618468,-1.4552226,19.826999999917366
4.42,-0.0262,-0.1918,9.8676,-0.0032,-0.0032,-0.0073,52.5618471,-1.4552224,21.5109999999755
4.519,0.0811,0.0907,9.8327,-0.001,-0.001,0.0148,52.561847297999996,-1.455222301,19.905220000000227
4.62,0.1468,-0.157,9.8712,-0.0025,-0.0025,0.0052,52.5618478,-1.4552219000000002,23.583999999995633
4.72,-0.137,0.0302,9.8436,-0.0062,-0.0062,0.0007,52.561848000000005,-1.4552218,23.283999999829877
4.82,-0.2364,-0.0622,9.7745,-0.0013,-0.0013,0.0004,52.5618485,-1.4552216,17.43900000017007
4.92,-0.0954,-0.1603,9.827,-0.0083,-0.0083,-0.0023,52.5618488,-1.4552212,23.395999999913336
5.02,0.0317,0.0897,9.8175,0.0016,0.0016,0.0068,52.56184929999999,-1.4552209,25.55
5.12,0.0011,-0.111,9.8247,0.0116,0.0116,0.0108,52.5618497,-1.4552206,24.838999999957927
5.22,-0.1492,-0.0851,9.7899,-0.0137,-0.0137,0.0037,52.5618502,-1.4552203,21.949000000106963
5.32,-0.0825,-0.1621,9.8494,0.0002,0.0002,-0.0022,52.5618505,-1.45522,25.62399999989307
5.42,0.0565,0.0366,9.8815,0.0006,0.0006,-0.0135,52.5618509,-1.4552196,27.511999999972534
5.52,0.022,0.0256,9.8686,0.0044,0.0044,-0.0139,52.56185130000001,-1.4552193,28.883000000000003
5.619,-0.1081,-0.1195,9.8857,0.0021,0.0021,0.0154,52.561851498,-1.455219003,29.922500000015134
5.72,-0.0283,-0.1815,9.8144,-0.0034,-0.0034,0.0079,52.561852,-1.4552186,28.41299999999089
5.82,0.036,-0.0747,9.8657,-0.0037,-0.0037,-0.0061,52.5618521,-1.4552185,28.100000000009107
5.92,0.1554,-0.0695,9.8058,-0.0003,-0.0003,-0.0016,52.5618525,-1.4552181,35.60999999989074
6.02,-0.1907,0.1745,9.698,0.0019,0.0019,-0.0014,52.5618527,-1.4552178,36.672
6.12,-0.0866,-0.2099,9.795,-0.0003,-0.0003,-0.002,52.561853000000006,-1.4552176,33.67100000007302
6.22,0.014,0.0224,9.8465,0.003,0.003,0.0056,52.5618534,-1.455217,38.686999999971995
6.32,0.0021,0.1255,9.874,-0.0036,-0.0036,0.0159,52.5618536,-1.4552168,37.72500000002799
6.42,0.0613,-0.1693,9.8343,0.0073,0.0073,-0.0008,52.561854,-1.4552163,36.49300000001793
6.52,-0.1794,0.0612,9.8355,0.0006,0.0006,-0.0143,52.5618543,-1.4552159,36.997
6.62,-0.0367,-0.0374,9.8491,0.0053,0.0053,-0.0082,52.561854700000005,-1.4552154,36.62100000003057
6.72,-0.0034,-0.22,9.8451,-0.0071,-0.0071,-0.003,52.561855,-1.455215,38.721000000145814
6.82,-0.0554,0.1447,9.8886,-0.0047,-0.0047,0.0025,52.561855300000005,-1.4552144,43.73099999985423
6.92,0.1549,-0.0478,9.8602,-0.0037,-0.0037,-0.001,52.5618556,-1.4552140999999998,41.840000000027516
7.02,-0.0909,0.0816,9.8331,0.0003,0.0003,-0.0016,52.561856000000006,-1.4552135,41.98
7.12,-0.04,-0.0191,9.9439,0.0122,0.0122,-0.0001,52.5618563,-1.455213,43.89099999998252
7.219,0.0541,-0.0883,9.8732,-0.0035,-0.0035,0.0053,52.56185659700001,-1.455212604,42.70200999996521
7.32,-0.0945,0.1603,9.8981,0.0191,0.0191,0.0006,52.5618569,-1.4552123,43.23399999998417
7.42,0.0715,-0.1306,9.8746,0.0073,0.0073,0.008,52.5618572,-1.4552118,43.17400000000087
7.52,-0.0845,0.1255,9.7613,0.0035,0.0035,-0.0228,52.5618574,-1.4552113999999998,45.67
7.62,-0.2015,0.2621,9.7737,-0.0131,-0.0131,0.014,52.5618577,-1.4552111,44.18099999997206
7.72,-0.3148,0.5095,9.9035,-0.0197,-0.0197,0.0044,52.56185789999999,-1.4552108,42.26200000009998
7.82,-0.2591,0.0483,10.0162,0.024,0.024,0.0015,52.561858,-1.4552106,45.69699999990006
7.921,-0.0932,-0.0436,10.114,-0.0054,-0.0054,-0.0271,52.561858203,-1.4552101960000001,48.61687000004195
8.021,-0.3505,0.1204,10.0678,-0.0303,-0.0303,-0.0043,52.561858500999996,-1.455209798,45.75374000000033
8.12,-0.0574,0.3416,9.9347,0.0013,0.0013,0.024,52.5618586,-1.4552096,47.806999999920365
8.221,0.2541,0.0865,9.8628,0.0077,0.0077,0.0053,52.561858902999994,-1.455209194,42.38747000015538
8.32,-0.2175,0.4521,9.8487,-0.0036,-0.0036,-0.017,52.5618592,-1.4552086,47.77999999984151
8.42,-0.1629,-0.1916,9.8921,-0.002,-0.002,-0.0161,52.5618593,-1.4552082000000002,53.24699999992046
8.52,-0.1567,0.0338,9.901,-0.0049,-0.0049,-0.0042,52.561859600000005,-1.4552076000000005,50.756
8.62,0.0231,0.1888,9.8239,0.0214,0.0214,0.0174,52.56185990000001,-1.4552072,50.61699999999783
8.72,0.2075,-0.252,9.8478,0.0062,0.0062,0.0017,52.5618601,-1.4552067000000002,50.46800000009428
8.819,-0.1715,0.2943,9.8321,-0.003,-0.003,-0.0111,52.561860298,-1.4552062049999999,53.67361999990769
8.92,-0.165,0.0357,9.9772,-0.0021,-0.0021,-0.0079,52.5618605,-1.4552057,56.090999999965305
9.02,-0.2189,0.307,9.7656,-0.002,-0.002,0.0173,52.5618608,-1.4552051,50.376000000000005
9.12,-0.2215,0.5803,9.6886,0.0135,0.0135,0.0062,52.561861,-1.4552047,52.11300000000011
9.22,0.0747,0.0757,9.7515,-0.0084,-0.0084,0.004,52.5618612,-1.4552043,52.120999999933794
9.32,-0.3672,0.4821,9.83,0.0033,0.0033,-0.0032,52.5618614,-1.4552039,49.84700000006617
9.42,0.0077,-0.3198,10.0104,-0.0015,-0.0015,0.0058,52.56186160000001,-1.4552035,51.271999999979265
9.52,-0.0379,-0.0952,9.9577,0.0197,0.0197,0.0019,52.5618619,-1.455203,50.519
9.62,-0.0308,-0.0349,9.8024,0.0109,0.0109,-0.007,52.561862,-1.4552026,51.22600000003987
9.72,-0.0326,-0.2936,9.7978,0.0082,0.0082,0.0034,52.5618622,-1.4552021999999998,53.96599999996501
9.82,-0.0025,-0.1656,9.836,-0.0024,-0.0024,0.0028,52.5618624,-1.4552018,52.764000000034976
9.92,0.0954,-0.0441,9.9266,0.0114,0.0114,-0.0014,52.5618626,-1.4552014,57.267999999934474
10.02,0.1389,-0.2927,9.9965,0.002,0.002,-0.0176,52.5618627,-1.4552012,53.563
10.12,-0.0401,-0.0868,9.9507,0.0005,0.0005,0.0145,52.5618629,-1.4552009,52.0820000000087
10.22,-0.0066,0.0094,9.7122,-0.0092,-0.0092,-0.003,52.561863,-1.4552007,52.680000000009464
10.32,0.0531,-0.192,9.8607,0.0126,0.0126,0.0016,52.5618631,-1.4552005,53.004999999990545
10.42,-0.0105,-0.0227,9.8691,0.0043,0.0043,0.0024,52.5618632,-1.4552002,56.707999999946125
10.52,0.097,-0.5224,9.9932,-0.0162,-0.0162,-0.0046,52.5618634,-1.4551999,52.851000000000006
10.62,-0.1222,-0.0606,9.8962,-0.0113,-0.0113,0.0165,52.5618636,-1.4551996,53.61000000004395
10.719,-0.0617,-0.2505,9.8637,0.0116,0.0116,0.0003,52.56186369900001,-1.455199303,56.60079000008748
10.82,0.0954,-0.2707,9.7816,-0.0006,-0.0006,-0.0106,52.5618638,-1.455199,58.786999999937265
10.92,-0.0318,-0.0491,9.7862,-0.0199,-0.0199,-0.0066,52.561864,-1.4551985,56.13900000003853
11.02,0.0042,0.1585,9.7419,0.009,0.009,0.004,52.5618642,-1.4551982,55.975
11.12,0.0619,-0.3315,9.8995,-0.0072,-0.0072,-0.006,52.5618644,-1.4551978,53.71299999994623
11.22,0.0568,-0.4766,9.7968,0.0055,0.0055,-0.0005,52.5618647,-1.4551972999999998,50.017000000139404
11.32,0.1122,-0.7056,9.7398,-0.007,-0.007,-0.0027,52.5618648,-1.4551968,54.804999999860684
11.42,0.1317,-0.8021,9.8073,-0.0017,-0.0017,0.0167,52.561865,-1.4551961999999998,60.5719999999161
11.52,0.2441,-0.7635,9.8996,0.002,0.002,-0.0049,52.5618653,-1.4551957000000002,56.778
11.62,0.3658,-0.9021,9.9813,0.0026,0.0026,0.002,52.5618655,-1.4551952,58.925999999936835
11.72,-0.0595,0.0492,9.8293,0.0045,0.0045,-0.0066,52.5618658,-1.4551946,54.58400000005433
11.82,-0.2651,-0.2032,9.9487,-0.0237,-0.0237,0.0019,52.5618659,-1.4551942999999998,56.44999999994571
11.92,-0.1932,0.0172,9.8899,-0.0038,-0.0038,0.0167,52.5618661,-1.4551939,52.185000000062054
12.02,0.2491,0.2899,9.8366,0.0043,0.0043,0.0242,52.5618662,-1.4551935,53.175
12.12,-0.2404,0.0309,9.9429,-0.007,-0.007,-0.0173,52.561866300000005,-1.4551931,57.09599999997193
12.22,-0.3818,-0.0483,10.0098,-0.0193,-0.0193,-0.0199,52.5618664,-1.4551928,55.16699999994183
12.32,-0.2619,0.3666,9.9044,0.0132,0.0132,0.0173,52.5618666,-1.4551924,53.16900000005813
12.419,0.2836,0.0625,9.893,0.0032,0.0032,0.0123,52.56186669900001,-1.4551921030000001,55.10939999997121
12.52,0.1384,0.1958,9.8663,-0.0005,-0.0005,0.0027,52.5618668,-1.4551918,53.202
12.62,-0.2601,0.2399,9.834,0.0018,0.0018,-0.008,52.561867,-1.4551915000000002,44.65200000006784
12.72,-0.0422,0.6512,9.7247,0.0215,0.0215,-0.0143,52.5618672,-1.4551912,49.31500000007369
12.82,0.1068,0.5581,9.7084,-0.0229,-0.0229,-0.0081,52.5618673,-1.4551908,51.845999999926356
12.92,0.0344,0.0608,9.9022,0.0125,0.0125,0.0093,52.5618675,-1.4551903000000002,52.98499999998343
13.02,-0.2369,-0.1401,9.8709,0.0035,0.0035,0.0044,52.5618677,-1.4551898,54.112
13.12,0.0528,0.3152,9.7114,0.0113,0.0113,-0.0288,52.5618679,-1.4551894,53.61699999996648
13.22,0.1481,0.0887,9.7984,-0.0083,-0.0083,-0.0043,52.5618681,-1.4551889,51.31299999997441
13.32,-0.1002,0.0309,9.8478,-0.0064,-0.0064,-0.0063,52.5618684,-1.4551884999999998,50.43400000002558
13.42,-0.2804,-0.1863,9.8482,0.0028,0.0028,0.0345,52.5618687,-1.455188,45.46700000007226
13.52,-0.0973,-0.2399,9.8103,0.0094,0.0094,0.0021,52.5618689,-1.4551873999999998,52.002
13.619,0.0191,0.5967,9.7999,-0.0009,-0.0009,-0.0104,52.561869098,-1.455186806,53.62659000002365
13.72,0.1611,0.5976,9.7741,-0.017,-0.017,-0.016,52.5618694,-1.4551863,53.427999999831684
13.82,-0.0277,-0.0491,9.9706,-0.0066,-0.0066,0.0102,52.5618697,-1.4551857,47.647000000168205
13.92,-0.4543,0.2082,9.8236,0.0148,0.0148,0.0081,52.56187,-1.4551851999999998,50.0049999999657
14.02,0.0227,-0.0415,9.8523,0.004,0.004,0.0067,52.5618703,-1.4551846,50.736
14.12,0.1811,0.1796,9.8071,0.0167,0.0167,-0.0222,52.5618706,-1.4551839,51.242999999969015
14.221,0.2722,-0.344,9.927,-0.0048,-0.0048,-0.0101,52.561870903,-1.455183395,49.11004999999158
14.32,-0.1765,-0.1286,9.8205,-0.0053,-0.0053,-0.001,52.5618712,-1.4551829,48.81800000000859
14.42,-0.611,0.3286,9.8716,-0.008,-0.008,0.0112,52.5618715,-1.4551823000000002,47.92700000001296
14.52,-0.1321,-0.063,9.7719,0.0142,0.0142,0.0145,52.5618719,-1.4551817,47.543
14.62,-0.1333,0.1585,9.7596,0.0163,0.0163,0.0088,52.5618721,-1.4551812,48.6569999999648
14.72,0.286,-0.4262,9.8768,0.001,0.001,-0.0151,52.5618726,-1.4551805000000002,46.2380000000292
14.822,-0.1418,-0.2422,9.9202,0.0031,0.0031,-0.0117,52.561872810000004,-1.4551799859999999,47.175040000095045
14.92,0.0152,-0.3398,9.9068,0.0082,0.0082,0.0119,52.5618733,-1.4551793,43.94300000004799
15.02,0.1549,-0.621,9.9365,0.0111,0.0111,-0.0019,52.5618735,-1.4551788,44.985
15.12,0.5069,-0.6443,9.8591,0.0098,0.0098,-0.0007,52.5618739,-1.4551782,42.583000000049985
15.219,0.5514,-0.8242,9.8968,-0.0006,-0.0006,-0.0082,52.561874197,-1.4551776060000001,45.984640000099496
15.32,0.3578,-0.2846,9.7548,-0.0028,-0.0028,0.0095,52.5618745,-1.455177,44.72400000003768
15.421,-0.1934,-0.1738,9.8192,-0.0138,-0.0138,-0.0066,52.561874702999994,-1.455176494,43.21811999994219
15.52,-0.2339,-0.0299,9.9398,0.002,0.002,0.031,52.561875,-1.4551759000000002,47.19
15.62,0.0818,-0.2315,9.8999,-0.0002,-0.0002,-0.0022,52.5618754,-1.4551755,41.48299999999297
15.72,-0.1099,0.6072,9.6,-0.0376,-0.0376,-0.0098,52.5618757,-1.455175,40.99999999987111
15.82,-0.2533,-0.0858,9.7331,0.0388,0.0388,-0.0046,52.561876,-1.4551744999999998,36.573000000128815
15.92,-0.4675,0.3032,9.7803,-0.006,-0.006,-0.0001,52.5618763,-1.455174,38.950999999965404
16.02,0.0336,-0.0525,9.9312,0.0048,0.0048,0.006,52.561876600000005,-1.4551734,38.988
16.12,-0.2169,0.4765,9.7572,-0.0009,-0.0009,-0.0003,52.561877,-1.4551729,37.76499999999107
16.22,-0.0648,0.1925,9.7737,0.0053,0.0053,-0.0106,52.5618773,-1.4551723,37.15199999995481
16.319,-0.0452,-0.1204,9.7767,0.0151,0.0151,-0.0104,52.561877597000006,-1.4551719040000002,35.614530000044304
16.42,-0.0828,0.3405,9.8968,-0.0112,-0.0112,-0.0038,52.561877800000005,-1.4551712,38.60299999995635
16.521,0.0933,-0.0299,9.8596,0.0215,0.0215,0.0049,52.561878202,-1.455170696,36.08814000000021
16.619,-0.0509,-0.0377,9.7752,0.0113,0.0113,-0.0081,52.561878398,-1.455170304,37.37586000001894
16.72,0.2717,-0.364,9.7732,0.0343,0.0343,-0.0114,52.5618786,-1.4551698,35.813
16.82,0.1306,-0.238,9.8367,0.0024,0.0024,-0.009,52.5618786,-1.4551697,35.813
16.92,0.3309,-0.4823,9.8483,0.0017,0.0017,-0.0034,52.5618786,-1.4551695,35.813
17.02,0.4684,-0.0126,9.603,0.0206,0.0206,-0.0363,52.5618784,-1.4551695,35.813
17.12,0.2747,0.0635,9.6515,-0.0176,-0.0176,0.0065,52.5618783,-1.4551695,35.813
17.22,0.2568,-0.3145,9.7456,0.0343,0.0343,0.0052,52.5618782,-1.4551694,35.813
17.32,0.0601,0.0018,9.6886,-0.013,-0.013,-0.0136,52.5618781,-1.4551692,35.813
17.42,0.0635,0.1348,9.7856,-0.0157,-0.0157,0.0205,52.561878,-1.4551692,35.813
17.52,0.0727,-0.1009,9.9348,0.0133,0.0133,-0.0223,52.5618779,-1.4551691,35.813
17.62,0.3083,0.0045,9.7153,0.0051,0.0051,-0.0075,52.561877800000005,-1.4551691,35.813
17.72,-0.0939,-0.0452,9.7875,0.0013,0.0013,0.011,52.5618776,-1.4551691,35.813000006940854
17.819,-0.5645,0.3625,9.8861,0.0026,0.0026,0.0242,52.561877402,-1.455169199,271.9715599931951
17.92,0.1071,-0.1253,9.7575,-0.0025,-0.0025,0.0189,52.561877200000005,-1.4551693,246.72000000040157
18.02,0.1651,0.1984,9.6668,-0.0257,-0.0257,-0.0212,52.5618769,-1.4551694,224.933
18.12,0.0937,0.3353,9.7073,-0.0052,-0.0052,-0.0268,52.561876600000005,-1.4551695,215.82299999999307
18.22,-0.3517,0.0425,9.8526,0.0153,0.0153,0.003,52.5618762,-1.4551697,215.3459999999248
18.32,-0.5282,0.3174,9.8909,-0.0006,-0.0006,0.0274,52.5618758,-1.4551699,212.7610000000752
18.42,0.0771,0.0928,9.8481,0.0003,0.0003,-0.0031,52.5618753,-1.45517,206.63000000008907
18.52,0.1062,0.6537,9.7613,0.0002,0.0002,-0.0315,52.56187490000001,-1.4551702,204.196
18.62,-0.0153,0.402,9.8094,-0.006,-0.006,-0.0011,52.5618744,-1.4551705,206.61199999996646
18.72,-0.0044,-0.0399,9.8238,0.0026,0.0026,0.0045,52.5618739,-1.4551707,204.30999999990678
18.82,-0.3549,0.3349,9.8637,-0.0032,-0.0032,0.0271,52.5618733,-1.4551709,201.10600000009322
18.919,0.0721,-0.2029,9.9309,-0.0081,-0.0081,0.0051,52.561872805,-1.4551712959999998,204.78384999994543
19.02,0.4945,0.116,9.8039,-0.0043,-0.0043,-0.0133,52.5618721,-1.4551714,197.153
19.12,0.3525,-0.4874,9.9001,-0.0047,-0.0047,-0.0128,52.5618714,-1.4551716,198.00199999999072
19.22,-0.0308,-0.1062,9.8233,-0.0073,-0.0073,0.0235,52.5618707,-1.4551719,197.36299999995393
19.32,-0.0734,-0.187,9.935,-0.001,-0.001,0.0254,52.5618698,-1.4551721999999998,195.78000000004607
19.42,0.3814,-0.0315,9.939,-0.0157,-0.0157,0.009,52.5618688,-1.4551724,191.8720000000568
19.52,0.5701,0.0464,9.8781,-0.0132,-0.0132,-0.0045,52.5618678,-1.4551725,187.009
19.62,0.3394,-0.2916,9.978,-0.0345,-0.0345,-0.0125,52.5618666,-1.4551725,184.00799999995726
19.72,0.0425,0.0533,9.8607,0.0076,0.0076,0.0157,52.5618654,-1.4551724,181.07299999997446
19.82,0.2453,0.08,9.8598,0.0,0.0,0.0213,52.561864,-1.4551724,180.19500000002554
19.92,0.3375,0.6397,9.7672,-0.0092,-0.0092,0.0285,52.5618625,-1.455172,176.3750000000555
20.02,0.0165,0.2118,9.7676,-0.0195,-0.0195,-0.0216,52.561861,-1.4551717000000002,174.59400000000002
20.12,-0.1295,-0.1698,9.8398,0.0026,0.0026,-0.0197,52.5618595,-1.455171,168.77100000000326
20.22,-0.2691,0.4193,9.8327,-0.0126,-0.0126,0.0142,52.56185789999999,-1.4551705,168.99499999994063
20.321,0.5156,-0.0215,9.8988,-0.0145,-0.0145,0.0178,52.561856381000005,-1.4551697909999999,166.9362000000515
20.421,0.4244,0.2469,9.9874,-0.0166,-0.0166,0.0007,52.561854483000005,-1.455168892,165.1647000000134
20.519,0.0635,-0.1077,9.7975,-0.0134,-0.0134,-0.0455,52.561852816999995,-1.455168108,164.25330000000017
20.62,-0.3245,0.1891,9.9144,-0.0101,-0.0101,0.0125,52.5618511,-1.4551667,158.49099999992322
20.72,-0.2247,0.3627,9.822,-0.0107,-0.0107,-0.0004,52.56184929999999,-1.4551651,153.21899999991018
20.82,0.5267,-0.3731,9.8883,0.0,0.0,0.0096,52.5618475,-1.4551633,150.13200000008982
20.92,0.2253,0.0213,9.8208,-0.0216,-0.0216,-0.0049,52.5618456,-1.4551611000000002,147.09800000004407
21.02,-0.1512,0.0069,9.8285,-0.0116,-0.0116,-0.027,52.5618441,-1.455159,143.569
21.12,-0.158,-0.3673,9.7885,-0.0165,-0.0165,-0.0298,52.5618424,-1.4551564,139.4609999999527
21.22,0.2621,0.1682,9.7055,-0.0042,-0.0042,0.0366,52.561840800000006,-1.4551537,136.21199999990773
21.32,0.41,0.0293,9.7348,-0.0063,-0.0063,0.0077,52.5618394,-1.455151,133.04000000009228
21.419,0.3895,-0.7346,9.934,0.0039,0.0039,-0.0082,52.561838014,-1.455147832,128.12762000007288
21.52,-0.362,0.0246,9.7693,0.0009,0.0009,-0.0256,52.56183669999999,-1.4551446,125.349
21.62,-0.4546,-0.0513,9.8803,-0.0254,-0.0254,0.0396,52.5618355,-1.4551412,123.00199999994398
21.72,-0.1295,0.1776,9.9246,0.0116,0.0116,0.0218,52.5618344,-1.4551376,119.15599999994015
21.82,0.6068,0.3142,9.747,-0.0155,-0.0155,-0.0115,52.5618333,-1.4551339,117.09900000005986
21.92,0.7066,0.3984,9.7268,-0.0396,-0.0396,-0.0698,52.5618324,-1.45513,113.84200000004732
22.02,-0.1542,0.7898,9.6809,-0.0096,-0.0096,-0.0294,52.561831600000005,-1.4551261000000002,111.225
22.12,-0.1753,-0.1859,9.9111,-0.0006,-0.0006,0.0462,52.5618309,-1.4551221,108.11099999995933
22.22,-0.3059,0.1452,9.8882,-0.013,-0.013,-0.0098,52.5618303,-1.4551180999999997,105.31899999991181
22.32,0.6583,-0.079,9.9328,-0.0089,-0.0089,0.0266,52.561829800000005,-1.4551138000000001,102.28800000008819
22.42,0.4844,-0.3418,9.8501,-0.0045,-0.0045,0.0202,52.5618294,-1.4551097,99.99200000003337
22.52,0.133,-0.0958,9.8316,0.0012,0.0012,0.0147,52.5618291,-1.4551054,98.111
22.62,-0.4065,0.2225,9.8755,-0.0041,-0.0041,0.0355,52.56182880000001,-1.4551009,97.20199999996079
22.72,0.0912,-0.1584,9.876,-0.0054,-0.0054,0.0042,52.5618287,-1.4550965999999999,94.50999999994082
22.82,0.2782,-0.0467,9.862,0.0013,0.0013,-0.0067,52.5618286,-1.4550924000000003,92.47600000005919
22.92,0.1825,-0.232,9.8417,-0.0032,-0.0032,0.003,52.5618287,-1.4550880000000002,90.4180000000299
23.019,0.0436,-0.1434,9.8161,-0.0041,-0.0041,0.0128,52.5618287,-1.4550836440000006,89.31613000000019
23.12,-0.1356,0.4024,9.8093,-0.012,-0.012,0.0067,52.56182880000001,-1.4550790999999998,89.39099999996506
23.22,0.0465,-0.0783,9.842,0.0045,0.0045,-0.0119,52.561829,-1.4550742999999997,86.9919999999964
23.319,0.0206,0.137,9.7876,-0.0161,-0.0161,0.0153,52.561829198,-1.45506935,86.86924000000353
23.42,-0.0244,-0.296,9.8251,0.0029,0.0029,-0.0084,52.5618296,-1.4550641,84.39200000003599
23.52,-0.0457,0.037,9.789,0.0,0.0,-0.007,52.56183,-1.4550588,83.613
23.62,-0.0605,-0.0794,9.8145,0.0083,0.0083,0.0039,52.561830500000006,-1.4550534999999998,81.30500000000656
23.72,0.0451,-0.5285,9.9045,0.014,0.014,0.0056,52.561831,-1.4550477999999998,81.75500000001055
23.819,0.1156,-0.4225,9.8627,-0.0077,-0.0077,-0.0062,52.561831495,-1.455042058,82.11436999998963
23.92,0.0494,-0.2894,9.9171,-0.0086,-0.0086,-0.0026,52.561832,-1.4550361,81.74200000000546
24.02,-0.0099,-0.0749,9.8827,0.0005,0.0005,-0.0053,52.5618326,-1.4550301,81.191
24.12,0.1265,-0.3503,9.9456,-0.0242,-0.0242,-0.0088,52.5618331,-1.4550238,81.79399999999515
24.22,0.4249,0.4555,9.9319,0.0102,0.0102,-0.0223,52.5618338,-1.4550174999999999,81.46100000003602
24.32,0.0015,-0.1348,9.9679,-0.0129,-0.0129,0.0031,52.5618342,-1.4550111000000001,82.69899999996397
24.42,0.2313,0.3576,9.9116,-0.0143,-0.0143,-0.0178,52.5618347,-1.4550046,83.45999999998894
24.52,0.1579,-0.1625,9.9633,0.0162,0.0162,0.0215,52.561835,-1.4549978,85.15299999999999
24.62,-0.4673,-0.1861,9.7303,0.0003,0.0003,0.0238,52.5618352,-1.4549911000000002,86.37400000001209
24.72,0.6911,0.6052,9.418,0.0112,0.0112,-0.0395,52.5618353,-1.4549842999999998,87.20400000004186
24.82,-0.3938,0.5786,9.6942,0.0084,0.0084,-0.0395,52.56183539999999,-1.4549773000000001,88.64299999995812
24.92,0.0059,0.1801,9.8518,-0.0099,-0.0099,-0.0026,52.56183539999999,-1.4549702000000002,89.80999999998305
25.02,0.8203,0.7386,9.7038,-0.0573,-0.0573,0.0075,52.5618352,-1.4549631,91.863
25.12,-0.1756,0.6537,9.6998,0.065,0.065,-0.0969,52.561835,-1.454956,92.28100000001673
25.22,0.3327,-0.1594,9.9418,0.0308,0.0308,-0.0849,52.561834600000005,-1.4549488,93.42900000008191
25.319,-0.3795,0.1861,10.1284,-0.0259,-0.0259,-0.0076,52.561834006,-1.454941474,96.2158499999197
25.419,-0.0427,-0.5172,9.8047,0.0203,0.0203,0.0283,52.561833505,-1.4549340740000003,96.88056999999056
25.52,0.0906,-0.3318,9.7954,0.0298,0.0298,0.0139,52.561832800000005,-1.4549267,97.54
25.62,-1.3556,-0.7987,10.0966,0.0386,0.0386,0.1086,52.5618321,-1.4549195,98.0450000000316
25.72,-1.1553,-1.0221,9.9868,0.0386,0.0386,0.1086,52.5618312,-1.4549121999999999,100.21500000004997
25.82,0.6016,-0.5362,9.8137,0.0036,0.0036,0.0329,52.5618302,-1.4549049,101.93199999995004
25.921,0.9242,-0.0383,9.7591,0.0072,0.0072,0.0209,52.561829085999996,-1.4548978300000002,103.50510999996958
26.02,0.6995,0.4527,9.6983,-0.0079,-0.0079,-0.0027,52.5618277,-1.4548909,105.595
26.119,0.5331,0.0419,9.7909,0.0151,0.0151,0.0415,52.561826413,-1.4548841679999998,107.038420000021
26.22,-0.0704,-0.077,9.9543,0.0056,0.0056,0.0025,52.561824900000005,-1.4548772999999997,108.75700000005003
26.32,-0.7289,0.3336,9.8659,-0.0008,-0.0008,-0.0191,52.5618233,-1.4548708000000001,110.47599999994998
26.42,-0.4451,-0.1152,9.8078,-0.0239,-0.0239,-0.0464,52.5618216,-1.4548644000000002,112.677999999968
26.52,0.7895,0.6257,9.7097,-0.0114,-0.0114,0.0233,52.5618198,-1.4548580999999998,114.509
26.619,0.3542,-0.1114,9.9204,0.0096,0.0096,0.0478,52.561817622,-1.454852259,118.67195000006059
26.72,-0.2983,-0.002,9.9268,0.0135,0.0135,0.0254,52.5618154,-1.4548463999999999,121.06200000006561
26.82,-0.465,0.206,9.9164,-0.0204,-0.0204,-0.0374,52.5618131,-1.4548408000000002,123.31699999993438
26.92,0.4648,0.1466,9.8632,-0.0037,-0.0037,-0.023,52.5618109,-1.454835,122.80600000000743
27.02,0.5023,0.5161,9.8265,0.0029,0.0029,0.0164,52.5618084,-1.4548296,125.465
27.12,0.1596,0.0044,9.8711,0.0009,0.0009,0.0336,52.5618058,-1.4548242999999998,128.4990000000257
27.22,-0.4512,0.1151,9.8203,-0.0089,-0.0089,0.003,52.5618031,-1.4548190999999997,130.26300000009923
27.32,-0.4521,0.3922,9.7804,-0.0004,-0.0004,-0.0299,52.5618,-1.4548141000000003,133.67299999990078
27.42,0.1714,0.012,9.8062,-0.0116,-0.0116,-0.0109,52.5617969,-1.4548093,136.012999999966
27.52,0.2158,0.5506,9.7512,0.0011,0.0011,0.0202,52.5617937,-1.4548045,137.47299999999998
27.62,0.1402,0.2054,9.8188,0.0017,0.0017,0.0053,52.5617903,-1.4547998,138.94200000005628
27.719,-0.2817,-0.1677,9.9302,0.0051,0.0051,-0.0164,52.561786637000004,-1.454795345,142.76637000011195
27.82,-0.3109,0.2803,9.8362,-0.0178,-0.0178,-0.0285,52.5617828,-1.4547910000000002,144.7469999999435
27.92,-0.0133,0.0492,9.8568,-0.0007,-0.0007,0.0033,52.5617788,-1.4547868,147.1969999999644
28.02,0.3326,-0.0095,9.8086,0.0197,0.0197,0.018,52.56177460000001,-1.4547827,148.92700000000002
28.12,-0.0666,0.3196,9.8245,0.0037,0.0037,-0.0171,52.5617703,-1.4547789,151.38400000001894
28.219,-0.2124,0.196,9.8111,-0.0175,-0.0175,-0.0161,52.561765845000004,-1.4547751379999998,152.67298000003774
28.32,-0.2072,-0.2061,9.832,0.0007,0.0007,-0.0057,52.5617611,-1.4547716,154.6829999999419
28.42,-0.0666,-0.1313,9.8305,-0.007,-0.007,0.011,52.5617564,-1.4547681,155.51199999998795
28.521,-0.086,0.1315,9.8585,-0.0059,-0.0059,-0.0036,52.56175135000001,-1.454764768,157.5820000000002
28.62,-0.26,0.3848,9.8517,-0.0047,-0.0047,0.0058,52.5617464,-1.4547616,158.8690000000453
28.72,-0.1569,-0.0863,9.7636,0.005,0.005,0.0011,52.5617412,-1.4547589,161.979000000035
28.82,-0.0464,-0.1317,9.7364,-0.0165,-0.0165,-0.0142,52.5617358,-1.4547561999999998,163.181999999965
28.92,-0.1466,0.0844,9.7835,0.0112,0.0112,0.0149,52.5617303,-1.4547539,164.75999999997705
29.02,-0.1229,-0.4321,9.8688,-0.0018,-0.0018,0.0101,52.5617247,-1.4547517,166.53799999999998
29.12,-0.2166,-0.4936,9.8697,0.0027,0.0027,0.0147,52.5617189,-1.4547496,167.21000000001462
29.22,-0.1785,-0.1249,9.8449,-0.0216,-0.0216,-0.0104,52.5617131,-1.4547477,168.2120000000462
29.32,-0.1986,0.2682,9.8798,-0.0098,-0.0098,-0.0114,52.5617072,-1.454746,169.79899999995382
29.419,-0.0392,0.1106,9.8367,-0.0046,-0.0046,0.0146,52.56170126,-1.454744416,171.06421999998122
29.52,0.1406,-0.1583,9.8296,0.0047,0.0047,0.0039,52.561695,-1.4547432,172.817
29.62,-0.3447,0.2805,9.8653,-0.0026,-0.0026,-0.0103,52.5616888,-1.4547422,174.00000000001847
29.719,-0.3445,0.1706,9.866,-0.0117,-0.0117,0.0057,52.561682563000005,-1.454741408,175.25532000003673
29.82,-0.3343,-0.2007,9.9413,-0.0006,-0.0006,0.0052,52.5616761,-1.4547407,175.83399999998355
29.92,-0.4507,0.2924,9.8744,-0.0037,-0.0037,0.0031,52.5616697,-1.4547401,176.58599999998907
30.02,-0.1441,0.1381,9.8224,0.0031,0.0031,-0.0309,52.5616631,-1.4547396,177.35299999999998
30.12,0.2179,-0.0459,9.7942,-0.0074,-0.0074,-0.0016,52.5616566,-1.4547393,178.0300000000187
30.22,-0.216,-0.2631,9.8027,0.0062,0.0062,0.0123,52.56165,-1.4547392,179.3140000000084
30.319,-0.3348,-0.5418,9.8347,-0.0058,-0.0058,0.0213,52.561643466,-1.4547392,179.59911999999179
30.42,-0.2458,-0.9522,9.7474,0.0122,0.0122,-0.0155,52.5616367,-1.4547393,180.3459999999892
30.52,0.1546,-1.3622,9.7626,0.0057,0.0057,0.0006,52.56163,-1.4547394,180.828
30.62,0.2334,-1.4776,9.7817,0.0156,0.0156,0.0043,52.5616232,-1.4547397,181.03100000001402
30.72,0.0424,-1.6804,9.8401,0.0002,0.0002,0.0246,52.5616163,-1.4547401,181.993000000004
30.82,-0.2182,-0.0919,9.6527,-0.0236,-0.0236,-0.0559,52.5616095,-1.4547405,182.130999999996
30.922,-0.0377,0.0835,9.8042,-0.014,-0.014,-0.0505,52.56160246,-1.454741114,182.76423999999056
31.02,0.0171,0.4299,9.9709,-0.0156,-0.0156,-0.007,52.5615956,-1.4547418,183.413
31.12,0.184,0.0791,9.7742,0.0016,0.0016,0.036,52.5615886,-1.4547424,183.0690000000113
31.22,0.112,-0.0854,9.5631,0.0005,0.0005,-0.0066,52.5615815,-1.4547432,183.8460000000127
31.32,0.0737,-0.2401,9.7249,-0.0048,-0.0048,-0.0269,52.5615743,-1.4547441,184.28299999998728
31.42,-0.4633,-0.7351,9.8866,-0.0015,-0.0015,-0.0022,52.5615672,-1.4547451,184.9359999999905
31.52,-0.4372,-0.6746,9.8968,-0.0017,-0.0017,0.0227,52.561559900000006,-1.4547463,185.424
31.62,0.1619,-0.3134,9.7721,0.0154,0.0154,-0.0291,52.5615526,-1.4547473999999998,185.12400000000102
31.72,0.4873,-0.4655,9.7953,-0.0124,-0.0124,-0.0148,52.5615453,-1.4547485,185.19500000001193
31.819,0.2613,-0.3647,9.7843,0.007,0.007,-0.0225,52.561537974,-1.454749688,185.6008999999883
31.92,-0.1305,-0.6122,9.7429,-0.0044,-0.0044,-0.0034,52.5615304,-1.454751,185.95799999999488
32.02,0.1687,-0.3794,9.8486,0.0143,0.0143,0.0064,52.5615229,-1.4547522,185.597
32.123,0.3603,-0.026,9.8258,-0.0122,-0.0122,-0.0104,52.561514972000005,-1.4547536390000002,186.15316999999757
32.22,0.61,-0.4715,9.9078,0.0054,0.0054,-0.0198,52.5615076,-1.4547549,185.99700000001314
32.319,0.3052,-0.1526,9.8494,0.0059,0.0059,0.007,52.56149997700001,-1.4547562859999998,186.44447999998712
32.42,0.0814,-0.0842,9.7848,0.0016,0.0016,0.0122,52.5614922,-1.4547578,186.68599999999657
32.519,0.345,-0.4371,9.7832,-0.0167,-0.0167,-0.0165,52.561484478000004,-1.4547592850000002,186.62462000000002
32.62,0.6689,-0.5426,9.8592,0.016,0.016,-0.0134,52.5614765,-1.4547607000000002,186.07200000000716
32.72,0.579,-0.5621,9.9218,0.0038,0.0038,-0.0012,52.5614685,-1.4547622,186.56599999999747
32.82,0.5883,-0.6353,9.8827,0.0035,0.0035,-0.0186,52.5614605,-1.4547637,186.47900000000254
32.92,0.7941,-0.3357,9.8403,0.0114,0.0114,-0.0032,52.5614524,-1.4547652,186.32200000000228
33.02,0.7488,-0.0902,9.8183,-0.0064,-0.0064,-0.009,52.5614444,-1.4547668,186.954
33.12,0.9008,-0.8276,9.9036,0.0038,0.0038,0.0019,52.5614362,-1.4547684,186.8069999999996
33.22,1.2667,-0.7332,9.8701,0.0056,0.0056,-0.0091,52.5614279,-1.45477,186.77900000000244
33.32,1.0841,0.0318,9.8812,0.0019,0.0019,-0.0081,52.5614196,-1.4547717,186.86299999999756
33.42,0.9448,-0.074,9.94,0.0039,0.0039,-0.0074,52.5614113,-1.4547734,187.12899999999613
33.52,0.8897,0.1759,9.8066,-0.0144,-0.0144,-0.0117,52.5614029,-1.4547751,187.052
33.62,1.4661,-0.4466,9.9043,-0.009,-0.009,-0.0041,52.5613943,-1.4547769,187.1189999999977
33.72,1.1138,0.1109,9.9267,0.0016,0.0016,0.0121,52.5613857,-1.4547786,186.95900000001023
33.82,1.182,0.1125,9.9762,-0.0161,-0.0161,0.0119,52.561377,-1.4547804,187.31099999998975
33.92,1.0519,0.804,10.0104,0.0038,0.0038,-0.006,52.561368300000005,-1.4547823999999998,187.73299999999387
34.02,1.2918,-0.1751,9.7331,-0.0034,-0.0034,-0.0062,52.5613596,-1.4547843,187.501
34.12,0.7526,0.4376,10.0293,0.0249,0.0249,0.0167,52.5613508,-1.4547865999999998,188.70899999999332
34.22,1.1292,0.4638,10.2328,0.0054,0.0054,-0.0234,52.5613418,-1.4547887000000002,188.24800000000886
34.32,2.117,0.2799,9.8298,-0.0339,-0.0339,0.0449,52.5613329,-1.4547909,188.5529999999911
34.42,0.9651,0.3829,9.8431,0.0234,0.0234,-0.0403,52.5613241,-1.4547933,189.24199999998996
34.52,0.8622,0.3686,9.8105,0.0191,0.0191,-0.056,52.5613152,-1.4547958,189.672
34.62,1.0604,1.0588,9.9925,0.0319,0.0319,0.0003,52.5613063,-1.4547984,189.6910000000023
34.72,2.2977,0.739,9.5752,0.0483,0.0483,0.0068,52.56129740000001,-1.4548009,189.84900000003304
34.82,2.3773,0.189,9.6466,-0.0234,-0.0234,0.0037,52.5612887,-1.4548036999999998,190.98599999996688
34.92,2.1095,0.3628,9.7799,-0.0574,-0.0574,-0.0346,52.5612799,-1.4548063999999998,190.39300000000864
35.021,0.9366,0.8859,9.8072,-0.0431,-0.0431,0.0339,52.561271012,-1.4548092289999999,190.89800000000005
35.119,1.3336,1.2622,9.533,0.0069,0.0069,0.0377,52.561262388,-1.454812071,191.3880000000072
35.22,0.4387,1.9015,9.8552,-0.0262,-0.0262,0.0366,52.56125350000001,-1.454815,191.29899999999674
35.32,1.4143,0.7169,9.5745,-0.0043,-0.0043,-0.0018,52.5612447,-1.4548179,191.18700000000328
35.42,0.2685,1.1211,9.9453,-0.0239,-0.0239,0.0149,52.561236,-1.454821,192.02299999998783
35.52,0.7159,0.6937,9.9825,-0.0091,-0.0091,0.005,52.5612272,-1.4548238,191.304
35.62,0.6437,0.6795,9.5938,0.0144,0.0144,-0.0303,52.5612184,-1.4548268,191.58300000000327
35.72,0.3481,1.0876,9.8051,0.0084,0.0084,-0.0216,52.561209600000005,-1.4548299,191.80799999999775
35.819,0.4752,1.3337,10.0133,-0.0131,-0.0131,-0.0028,52.561200888,-1.45483287,191.7317700000022
35.92,1.3807,0.7281,9.546,-0.0258,-0.0258,0.0206,52.561192,-1.454836,192.05099999999533
36.02,0.8939,0.5435,9.5201,0.022,0.022,0.0318,52.5611831,-1.4548391,192.12
36.12,0.4152,0.4789,10.0938,-0.0137,-0.0137,0.0077,52.561174400000006,-1.4548426,193.2439999999868
36.22,-0.0149,0.8637,9.7169,0.0001,0.0001,-0.0031,52.5611655,-1.4548457,192.33200000002697
36.32,0.2156,0.635,9.8223,-0.0018,-0.0018,-0.0128,52.5611567,-1.4548492000000002,193.25999999997296
36.42,-0.0929,1.0923,9.7953,-0.0073,-0.0073,-0.0057,52.5611476,-1.4548525,192.66000000000872
36.52,0.0456,0.979,10.0797,-0.0062,-0.0062,-0.0445,52.56113860000001,-1.4548559,192.875
36.62,-0.0641,0.8655,9.9675,-0.0028,-0.0028,0.0073,52.5611296,-1.4548593,193.0150000000031
36.72,-0.2572,-0.0629,10.112,0.0329,0.0329,0.0243,52.5611205,-1.4548629,193.2300000000037
36.82,0.8421,0.0147,9.9485,0.024,0.024,0.0113,52.5611113,-1.4548665,193.35799999999628
36.922,0.4023,0.5084,9.9451,0.0366,0.0366,-0.0397,52.561101914,-1.454870176,193.46003999999067
37.02,1.1999,-0.6187,10.0307,-0.0119,-0.0119,-0.1039,52.5610928,-1.4548739,194.099
37.12,1.5633,0.3718,10.0378,0.0061,0.0061,-0.061,52.5610835,-1.4548779,194.65000000000364
37.22,1.2217,0.8507,9.9592,-0.002,-0.002,-0.0501,52.5610743,-1.4548820000000002,194.90000000000822
37.32,1.4386,-0.0618,9.7768,0.0551,0.0551,0.0319,52.561064900000005,-1.4548861999999998,195.18299999999175
37.42,0.9048,-0.8642,9.8534,0.0374,0.0374,0.0258,52.5610555,-1.4548904,195.21499999999955
37.52,-0.5318,-1.306,9.8283,0.0458,0.0458,0.0044,52.561046000000005,-1.4548946,195.23
37.62,0.7548,-0.4673,9.6759,0.0201,0.0201,-0.0357,52.5610365,-1.4548989,195.23500000000118
37.72,1.1192,-0.7047,9.7806,-0.0155,-0.0155,-0.0484,52.5610269,-1.4549032000000004,195.31599999999102
37.82,0.8752,-1.0726,9.652,-0.0337,-0.0337,-0.0235,52.5610173,-1.4549073999999997,195.00700000000901
37.92,0.4054,-0.8741,9.9882,-0.0355,-0.0355,0.0538,52.561007700000005,-1.4549118,195.36599999999478
38.02,1.2016,-0.7784,10.0122,0.0028,0.0028,0.0377,52.560998000000005,-1.4549161,195.222
38.12,0.8432,-1.4513,10.0386,0.0114,0.0114,-0.0066,52.5609883,-1.4549205,195.26800000000546
38.22,-0.9976,-1.1122,9.7391,-0.0127,-0.0127,-0.0018,52.5609786,-1.4549250000000002,195.6449999999963
38.32,-1.9403,-1.7594,9.5623,-0.0424,-0.0424,-0.054,52.560969,-1.4549294,195.51700000000372
38.42,-1.5661,-0.6299,9.7324,-0.002,-0.002,-0.0033,52.5609594,-1.4549339,196.01599999999272
38.52,-1.7309,-0.416,10.1465,-0.0195,-0.0195,-0.0009,52.5609497,-1.4549384,195.864
38.621,-2.068,-0.5676,10.1671,-0.0654,-0.0654,-0.0091,52.560940005000006,-1.4549431460000002,196.18184000000272
38.72,-1.9142,-0.0177,10.1065,-0.0291,-0.0291,0.0451,52.5609306,-1.4549477000000004,196.36400000000418
38.82,-1.222,-0.6689,9.5242,-0.0802,-0.0802,0.0391,52.560921,-1.4549522999999998,196.5079999999958
38.92,1.1004,-1.7463,9.4945,-0.004,-0.004,0.0131,52.5609115,-1.4549569999999998,196.6169999999984
39.02,0.2543,-1.2394,9.6632,0.0279,0.0279,0.0071,52.560902000000006,-1.4549618,196.82
39.12,-1.0127,-1.7322,10.0592,-0.0264,-0.0264,0.0246,52.5608925,-1.4549666,196.9950000000047
39.22,1.2791,-1.4174,9.8495,-0.0343,-0.0343,0.0047,52.5608831,-1.4549714000000002,197.31800000001562
39.32,-0.5382,-0.2197,10.181,-0.0114,-0.0114,0.0494,52.5608737,-1.4549763999999996,197.85499999998436
39.42,-2.0095,-0.9981,9.8879,-0.0278,-0.0278,0.0229,52.5608643,-1.4549814,197.86599999999984
39.52,-0.7412,-2.4765,9.7666,-0.0534,-0.0534,0.0019,52.5608549,-1.4549865,198.26
39.62,-0.2666,-2.2705,9.8188,0.0254,0.0254,-0.005,52.560845500000006,-1.4549915999999998,198.08500000000657
39.72,-0.4856,-1.159,9.4545,0.0222,0.0222,0.0028,52.5608361,-1.4549968000000002,198.53800000000538
39.82,-0.9126,-0.5052,9.8005,-0.0089,-0.0089,-0.0374,52.5608265,-1.4550021,198.7229999999946
39.92,-1.5787,-1.2629,9.5667,-0.0122,-0.0122,0.0103,52.5608171,-1.4550075,199.21399999999286
40.02,-0.7005,-1.2589,10.4636,0.0427,0.0427,0.0195,52.5608075,-1.4550131,199.508
40.12,-1.4246,-1.9487,9.7257,-0.0376,-0.0376,0.0856,52.560798,-1.4550186,199.57800000000447
40.22,-2.1482,-0.8949,8.9119,0.0179,0.0179,0.0399,52.56078850000001,-1.4550243000000003,199.8850000000038
40.32,-2.0321,-1.7546,9.847,-0.0449,-0.0449,0.023,52.5607789,-1.4550300999999999,200.01599999999618
40.42,-1.5635,-2.1026,10.0871,-0.0662,-0.0662,-0.1764,52.5607693,-1.4550358,200.03299999999973
40.52,-2.1268,-0.9895,10.2634,-0.03,-0.03,-0.0787,52.5607597,-1.4550415,199.93400000000003
40.62,-1.9018,-0.1648,10.2423,0.0248,0.0248,0.058,52.56075,-1.4550475,200.54500000000112
40.72,-0.8017,0.1533,9.5067,0.0472,0.0472,0.144,52.56074039999999,-1.4550535,200.6240000000079
40.82,-0.2738,-1.4848,9.632,0.0089,0.0089,0.0102,52.5607308,-1.4550594999999997,200.89599999999206
40.92,-2.6107,-1.5327,10.5366,0.0294,0.0294,0.0794,52.56072100000001,-1.4550657,200.92699999999954
41.021,-1.1472,-2.2958,9.7456,0.0308,0.0308,-0.0228,52.560711002000005,-1.4550716609999998,200.38159000000002
41.119,-2.0652,-1.3251,10.3978,0.0323,0.0323,-0.0649,52.560701398000006,-1.455077639,200.63541000000373
41.22,-0.4641,-1.1116,9.8931,0.0388,0.0388,-0.0379,52.5606915,-1.4550839,200.76300000000745
41.32,-1.32,-1.937,10.0078,0.0219,0.0219,0.0389,52.5606816,-1.4550900999999998,201.01899999999256
41.42,-1.275,-1.6983,9.4702,0.0139,0.0139,-0.0027,52.56067169999999,-1.4550963,200.83900000000264
41.52,-1.1964,-2.4704,9.5138,-0.0366,-0.0366,-0.0824,52.5606619,-1.4551026,201.027
41.62,-1.3962,-0.9311,9.6485,0.0291,0.0291,0.0371,52.5606521,-1.4551089,201.26799999999955
41.72,-1.2551,-0.9229,9.8186,-0.0405,-0.0405,-0.0242,52.5606422,-1.4551152000000003,201.23700000000176
41.82,-1.8494,-1.8725,9.7237,0.0021,0.0021,-0.0572,52.5606323,-1.4551215,201.2979999999982
41.92,-0.9509,-1.5534,9.6296,0.0329,0.0329,0.0819,52.5606225,-1.4551278,201.26700000000045
42.02,-1.058,-1.8609,9.2235,-0.0237,-0.0237,0.0007,52.5606126,-1.4551343,201.569
42.12,-0.9104,-1.4712,9.6499,0.0415,0.0415,0.0207,52.5606027,-1.4551406,201.1830000000068
42.22,-0.3807,-1.6229,9.0675,-0.0172,-0.0172,-0.0567,52.5605928,-1.4551470000000002,201.653999999994
42.32,-0.4157,-1.3403,9.5447,-0.0075,-0.0075,0.0559,52.5605829,-1.4551534999999998,201.448000000006
42.42,-2.4,-2.1182,9.9875,0.0202,0.0202,0.0287,52.560573,-1.45516,201.64599999999712
42.52,-0.4341,-2.2026,10.1276,-0.0856,-0.0856,0.0041,52.5605632,-1.4551664,201.694
42.62,-0.5363,-0.8493,9.6447,-0.0065,-0.0065,-0.0304,52.5605533,-1.4551729,201.72700000000088
42.72,-0.0939,-0.3943,10.2316,-0.0603,-0.0603,0.0515,52.5605433,-1.4551794000000002,201.78800000000786
42.819,-0.0713,-0.617,9.9241,0.0673,0.0673,0.0682,52.560533598000006,-1.455185934,202.0552999999923
42.919,-2.4641,-1.8599,9.6716,0.015,0.015,0.1356,52.560523798,-1.4551923359999999,201.60656000000674
43.019,-2.0099,-1.497,9.2927,0.027,0.027,0.0805,52.560513899,-1.455198835,201.82573999999997
43.12,-1.5605,-1.4948,9.3058,-0.0525,-0.0525,-0.0968,52.560504,-1.4552055000000002,202.15599999999807
43.22,0.7092,-0.268,9.9253,-0.049,-0.049,0.0206,52.5604941,-1.4552120000000002,202.02300000000574
43.32,-1.536,-1.1194,10.1239,0.0199,0.0199,0.1365,52.5604844,-1.4552185999999998,202.22099999999423
43.42,-2.1641,-2.3455,10.0688,0.0575,0.0575,0.0226,52.560474600000006,-1.4552251,202.20400000000026
43.519,-0.9961,-1.5864,9.7459,-0.0114,-0.0114,-0.1602,52.560464997000004,-1.455231634,202.24360000000001
43.62,-0.229,-0.7399,9.4684,-0.0302,-0.0302,-0.0797,52.5604552,-1.4552382,202.40200000000024
43.72,0.4087,0.4171,9.5323,-0.0154,-0.0154,-0.0071,52.5604456,-1.4552448000000002,202.42000000002145
43.82,-2.2161,-2.1492,9.9199,0.071,0.071,0.0884,52.5604362,-1.4552513999999999,203.1579999999785
43.92,-3.3279,-1.3201,9.5634,-0.0382,-0.0382,0.0771,52.5604267,-1.4552580000000002,203.12500000000048
44.02,-2.0483,-0.3463,9.6058,0.0697,0.0697,-0.1958,52.5604172,-1.4552646,203.013
44.12,1.6566,-0.4385,10.5909,0.0335,0.0335,-0.14,52.560407700000006,-1.455271,202.13800000000373
44.22,1.2415,1.2061,9.6773,0.0255,0.0255,-0.023,52.5603982,-1.4552774000000002,202.39400000001035
44.319,-0.2757,-0.5863,9.9318,0.1077,0.1077,0.1611,52.560388894000006,-1.4552838349999997,202.74643999998983
44.42,-2.8451,-2.153,9.6925,-0.0371,-0.0371,0.0351,52.5603794,-1.4552902,202.41700000000486
44.52,0.1349,-0.1098,9.6341,-0.0318,-0.0318,-0.2093,52.5603701,-1.4552967,202.623
44.62,0.1335,0.4621,9.5684,-0.0398,-0.0398,-0.1184,52.5603608,-1.455303,202.56599999999952
44.72,0.466,0.253,9.4714,0.1253,0.1253,0.0665,52.5603515,-1.4553093000000001,202.53199999999748
44.82,-1.8493,-1.2635,9.9311,0.0261,0.0261,0.0744,52.5603422,-1.4553156999999999,202.44500000000252
44.92,-1.4181,-1.2616,9.6356,-0.0468,-0.0468,0.0071,52.560333,-1.4553219000000002,202.28500000000233
45.02,0.1127,-0.7219,9.6893,0.0095,0.0095,-0.0937,52.5603238,-1.4553282,202.498
45.12,0.2241,0.1922,9.54,0.0025,0.0025,0.0174,52.5603145,-1.4553344,202.21499999999907
45.22,-0.6058,-0.2147,9.4458,0.0421,0.0421,-0.0176,52.5603054,-1.4553405000000001,202.14999999999588
45.32,-2.0352,-1.7863,9.698,-0.0624,-0.0624,0.1188,52.5602962,-1.4553466999999998,202.00800000000416
45.42,0.8876,0.6524,9.597,0.1577,0.1577,0.0941,52.560287,-1.4553528,202.05999999999923
45.52,0.8434,0.7362,9.3481,-0.0859,-0.0859,-0.0534,52.5602778,-1.4553589,201.702
45.62,0.4267,-0.1135,9.7208,0.0739,0.0739,-0.072,52.5602686,-1.455365,202.1790000000039
45.72,-0.7224,-0.9046,10.4207,0.0108,0.0108,0.1206,52.5602594,-1.4553713000000001,202.44700000001018
45.82,0.1358,-0.1547,9.3272,-0.0234,-0.0234,-0.0838,52.5602504,-1.4553775999999998,202.7969999999898
45.921,1.1413,-0.1668,9.7818,-0.0141,-0.0141,0.0471,52.560241108999996,-1.4553838639999999,202.73647999999787
46.021,0.6914,-0.3236,10.0366,0.0675,0.0675,-0.0594,52.56023201,-1.4553902630000002,202.88378000000003
46.12,0.5876,0.2393,9.6835,0.0041,0.0041,-0.0224,52.5602231,-1.4553965,202.96100000000354
46.22,-0.2641,0.4012,9.5656,-0.0316,-0.0316,-0.018,52.5602141,-1.4554028000000003,203.20500000000305
46.32,-0.9388,-0.0529,9.6567,-0.0113,-0.0113,0.1537,52.5602051,-1.4554091999999996,203.30999999999693
46.42,-1.0124,-0.9998,9.0608,0.0007,0.0007,0.0664,52.5601961,-1.4554155999999998,203.44399999999803
46.52,1.4767,0.5701,8.6882,0.0413,0.0413,-0.0623,52.5601871,-1.4554219999999998,203.397
46.62,1.388,0.2172,9.8663,-0.0452,-0.0452,-0.1186,52.5601782,-1.4554283,203.34600000000282
46.72,-0.2094,-0.5283,10.415,0.052,0.052,0.0422,52.5601694,-1.4554347000000003,203.5399999999739
46.819,-3.5052,0.0329,9.4966,0.0822,0.0822,0.1686,52.56016049,-1.455440739,202.6509800000256
46.92,-2.8924,-0.3141,9.2051,-0.0673,-0.0673,-0.0092,52.5601515,-1.4554468,202.5670000000011
47.02,-0.0425,-0.5236,8.9529,0.1002,0.1002,-0.1811,52.5601427,-1.4554529,202.561
47.12,3.8357,0.1429,10.8579,-0.1408,-0.1408,0.0583,52.5601339,-1.4554588,202.37100000000183
47.22,0.7485,0.0025,8.9271,0.0528,0.0528,0.1504,52.5601251,-1.4554648000000001,202.49699999998626
47.32,1.2772,-0.1975,9.6862,0.0877,0.0877,0.0834,52.5601164,-1.4554706,202.02400000001379
47.42,-0.9266,-0.9432,9.6175,-0.0233,-0.0233,0.0635,52.5601077,-1.4554763999999998,202.0309999999999
47.522,-0.9952,-2.0182,9.3675,0.025,0.025,-0.0904,52.560098926,-1.455482212,201.98881999999986
47.62,0.4908,0.5926,9.9703,0.0052,0.0052,-0.1128,52.5600904,-1.4554877,201.34300000000067
47.72,-0.2394,0.3497,9.6751,-0.0957,-0.0957,0.0555,52.5600819,-1.4554932000000003,201.39099999999826
47.819,-1.9899,-0.7582,10.2162,0.0956,0.0956,0.0177,52.560073485,-1.4554985459999998,201.3316000000017
47.92,-1.395,-0.371,10.0902,0.0009,0.0009,0.1034,52.56006490000001,-1.4555041,201.5229999999972
48.02,0.3274,-0.5969,10.3387,-0.1015,-0.1015,0.0542,52.5600566,-1.4555095,201.42
48.12,-0.337,0.5298,9.6229,-0.0218,-0.0218,-0.0121,52.5600482,-1.4555149,201.3780000000003
48.22,-2.277,-1.3625,9.4045,0.0986,0.0986,-0.1306,52.5600399,-1.4555203000000003,201.39999999999014
48.32,-3.4447,-1.3207,9.7479,-0.1226,-0.1226,0.1828,52.5600316,-1.4555254999999998,201.06100000000987
48.42,1.3948,0.5784,7.9051,0.0428,0.0428,0.0906,52.5600234,-1.4555309,201.5129999999934
48.52,-1.7051,-0.1601,10.4992,-0.0497,-0.0497,-0.2157,52.5600152,-1.4555361,201.338
48.62,2.6236,1.7591,9.5241,-0.0355,-0.0355,-0.3428,52.560007,-1.4555414,201.44299999999254
48.719,-0.0977,-0.5182,11.1619,-0.063,-0.063,0.0026,52.559998882,-1.4555464490000003,200.93215999998506
48.82,0.3957,0.6233,10.3909,0.0907,0.0907,-0.232,52.5599908,-1.4555517999999996,201.6039999999803
48.922,0.7398,2.683,9.6049,0.0338,0.0338,0.079,52.559982637999994,-1.4555571039999997,201.51292000000436
49.02,0.1388,1.6181,9.6078,0.0635,0.0635,0.2016,52.5599747,-1.4555622,201.215
49.12,-0.1822,0.5404,8.497,-0.0791,-0.0791,-0.0833,52.5599667,-1.4555673999999998,201.66099999999793
49.22,-0.8752,0.9474,8.7366,0.1866,0.1866,-0.0402,52.5599587,-1.4555726000000002,201.51700000000523
49.32,-1.8765,-0.1688,8.0158,-0.0947,-0.0947,0.1839,52.5599508,-1.4555777999999997,201.69699999999477
49.42,2.596,2.2646,9.3084,-0.2206,-0.2206,0.256,52.5599429,-1.455583,201.59200000000155
49.52,3.4494,2.0297,9.3763,0.0475,0.0475,-0.1213,52.559935,-1.4555882000000002,201.723
49.619,-1.5675,-2.3545,10.8532,-0.1214,-0.1214,-0.1186,52.559927277999996,-1.455593348,201.87645000000222
49.721,-3.0531,-3.7325,11.3989,-0.0621,-0.0621,-0.0574,52.559919222,-1.4555985530000002,201.71890000000255
49.82,-1.4985,-0.8534,9.9528,0.0121,0.0121,-0.0437,52.5599115,-1.4556037999999998,201.80799999999738
49.92,2.8496,2.0513,10.0441,0.0815,0.0815,0.1647,52.55990369999999,-1.455609,202.1099999999956
50.022,1.3163,-0.2276,10.3482,0.0676,0.0676,-0.0973,52.559895744,-1.455614406,202.02058000000002
50.12,2.061,-0.962,10.6,-0.2249,-0.2249,-0.2338,52.5598881,-1.4556196,202.098000000003
50.22,-1.8014,-1.1743,10.5513,0.0671,0.0671,0.0574,52.5598803,-1.4556249000000003,202.3039999999909
50.32,-2.1895,-3.3066,11.4058,-0.0659,-0.0659,-0.0086,52.5598724,-1.4556300999999998,201.99100000000914
50.42,-0.1782,-1.9362,10.6203,0.0354,0.0354,-0.0008,52.5598644,-1.4556355,202.21699999999672
50.52,0.3534,-1.0251,9.4426,-0.0465,-0.0465,-0.1027,52.5598564,-1.455641,202.567
50.619,-0.6648,-0.4927,9.7074,-0.1242,-0.1242,0.0648,52.55984848,-1.4556463459999998,202.13931999999377
50.72,-1.3057,0.0843,8.8773,-0.1098,-0.1098,0.0017,52.5598402,-1.4556520000000002,202.42699999999226
50.82,-1.1173,-0.1595,8.8656,-0.0252,-0.0252,0.0001,52.559832,-1.4556574999999998,202.16100000000776
50.92,0.1348,1.7675,8.6459,0.1224,0.1224,-0.0342,52.5598237,-1.4556630000000002,202.04200000000174
51.019,-0.3306,0.0074,8.6183,-0.158,-0.158,-0.0442,52.559815384,-1.4556686429999999,202.06774000000001
51.119,-2.1097,2.3444,9.54,-0.054,-0.054,-0.2087,52.559806786,-1.455674343,202.21650000000216
51.22,-2.7765,0.838,9.8155,-0.089,-0.089,0.1414,52.5597982,-1.4556801000000001,201.9890000000026
51.32,-4.4879,0.1494,9.5137,0.3385,0.3385,0.0135,52.5597895,-1.4556857999999997,202.07799999999742
51.42,2.7081,0.4544,8.7115,-0.0593,-0.0593,-0.1476,52.5597808,-1.4556917,202.21399999999804
51.519,-1.9323,-1.0168,9.7561,-0.0176,-0.0176,-0.2143,52.559771989,-1.455697541,201.94175000000004
51.62,-4.6824,0.5616,9.3959,0.14,0.14,-0.2335,52.559763100000005,-1.4557034999999998,202.12699999999762
51.72,-1.1823,2.6767,8.2786,-0.1787,-0.1787,0.0768,52.559754,-1.4557095000000002,201.96200000000212
51.82,4.4289,1.9105,8.0038,0.1708,0.1708,0.3482,52.559745,-1.4557155,202.03499999999786
51.92,2.392,0.3386,7.8114,-0.1131,-0.1131,0.0506,52.5597359,-1.4557217000000002,202.17499999999797
52.02,-2.6378,-1.1519,9.7999,0.0086,0.0086,-0.0833,52.559726700000006,-1.4557278000000002,202.166
52.12,-1.9526,1.3762,10.1918,0.1084,0.1084,-0.2867,52.5597174,-1.455734,202.27600000000265
52.22,1.6734,1.2051,9.945,-0.0489,-0.0489,0.0759,52.559708,-1.4557404000000003,202.45899999999978
52.32,0.3083,2.0919,8.6182,0.1482,0.1482,-0.0594,52.5596986,-1.4557467999999998,202.45100000000022
52.42,1.2354,4.9221,7.9073,-0.3486,-0.3486,-0.1595,52.5596891,-1.4557533,202.56299999999837
52.52,-3.5387,-1.5991,8.3833,0.174,0.174,0.1078,52.5596798,-1.4557597,202.646
52.62,-7.3051,1.2009,9.1475,-0.2193,-0.2193,-0.1423,52.5596703,-1.4557663,202.79399999999652
52.72,-0.0131,3.6426,9.0091,0.0822,0.0822,0.0897,52.5596608,-1.4557727000000003,202.55200000001207
52.82,2.2416,-0.2679,9.1869,0.071,0.071,0.0898,52.5596514,-1.4557792999999999,202.96799999998788
52.92,1.1933,0.4599,9.7642,-0.0749,-0.0749,-0.2786,52.559642,-1.4557858,202.764000000003
53.02,-3.1497,-1.6639,8.9377,-0.0135,-0.0135,-0.2346,52.5596325,-1.4557923,202.718
53.12,8.6379,3.7434,7.3714,-0.2761,-0.2761,0.259,52.5596231,-1.4557989,202.93299999999786
53.22,7.1117,3.7716,8.2139,0.3341,0.3341,0.62,52.5596137,-1.4558054000000002,202.7860000000006
53.32,-2.1476,0.1579,7.8226,0.3337,0.3337,0.0925,52.5596043,-1.4558118999999998,202.80699999999936
53.42,2.9322,0.1314,10.553,-0.0016,-0.0016,0.5756,52.559595,-1.4558183999999998,202.98299999999745
53.52,1.9358,2.5377,10.2618,0.0997,0.0997,-0.0886,52.5595857,-1.4558249,202.997
53.62,2.4885,0.2913,8.8179,-0.2288,-0.2288,0.2139,52.5595765,-1.4558311999999998,202.51899999999804
53.72,3.4643,1.8822,9.1442,0.1906,0.1906,0.2662,52.5595673,-1.4558374,202.38400000000857
53.82,0.1784,1.005,9.4378,-0.0437,-0.0437,-0.1306,52.5595581,-1.4558437999999998,202.67899999999142
53.92,-3.7063,-2.1878,9.3196,-0.0252,-0.0252,-0.3759,52.5595489,-1.45585,202.21000000000683
54.019,1.5325,1.565,10.4501,-0.0693,-0.0693,-0.6968,52.559539891,-1.455856138,202.43571999999995
54.119,7.6881,4.7419,9.8183,0.1407,0.1407,0.5679,52.559530791,-1.455862239,202.29840999999797
54.22,-4.6871,-3.1919,11.7127,0.298,0.298,0.3388,52.5595215,-1.4558685000000002,202.16600000000486
54.32,-2.7759,-0.653,9.4234,-0.0342,-0.0342,-0.1199,52.5595125,-1.4558745999999998,202.33299999999514
54.419,0.778,2.5655,9.4435,-0.1514,-0.1514,-0.0672,52.559503590000006,-1.455880441,201.90037000000643
54.52,-1.9087,-0.1309,8.1396,0.1352,0.1352,0.0747,52.5594946,-1.4558865,202.072
54.62,1.8352,1.5268,8.8062,-0.0259,-0.0259,-0.3788,52.5594856,-1.4558926,202.1389999999998
54.72,6.2793,3.211,7.7518,-0.2336,-0.2336,-0.3668,52.5594766,-1.4558986000000003,202.12500000000543
54.82,-0.9576,-3.0162,8.8673,0.0246,0.0246,0.024,52.559467700000006,-1.4559045999999998,202.31199999999455
54.92,-2.6843,-2.1195,8.9447,0.0069,0.0069,0.1961,52.5594588,-1.4559107,202.34099999999958
55.02,-2.2471,-0.7869,10.2932,0.0139,0.0139,0.325,52.5594499,-1.4559168,202.555
55.12,-0.3569,2.491,9.8665,0.0205,0.0205,-0.2445,52.559441,-1.4559227,202.17200000000318
55.22,0.6544,0.8784,10.1752,0.0539,0.0539,-0.154,52.5594321,-1.4559288000000001,202.3919999999983
55.32,-0.6438,1.3502,9.7419,0.0174,0.0174,0.1017,52.5594232,-1.4559347999999999,202.3330000000017
55.42,-2.5827,1.5455,9.5691,0.0193,0.0193,0.0458,52.5594144,-1.4559408,202.2430000000013
55.52,-2.7341,-0.2468,9.4276,-0.043,-0.043,-0.0017,52.5594055,-1.4559468,202.493
55.62,-0.7459,0.1461,8.8726,-0.0908,-0.0908,-0.1301,52.5593967,-1.4559528,202.47699999999872
55.72,1.2148,-0.2358,9.4395,0.0129,0.0129,0.3129,52.5593878,-1.4559589000000002,202.38900000000487
55.82,0.2743,-2.2016,10.2528,0.0347,0.0347,-0.1419,52.5593789,-1.4559648999999997,202.55599999999515
55.92,1.9194,-1.0473,9.156,-0.1505,-0.1505,0.1156,52.5593701,-1.455971,202.44900000000158
56.021,4.7668,1.4723,7.8787,0.2185,0.2185,0.5697,52.559361111,-1.455977061,202.4892
56.119,-4.6574,-3.3923,11.2312,0.1478,0.1478,0.2299,52.559352389,-1.4559830390000001,202.50880000000026
56.219,-8.4431,-3.2485,10.7298,0.0694,0.0694,0.3394,52.559343489,-1.4559890400000002,202.55157000000125
56.319,0.8295,0.1134,8.8945,-0.0271,-0.0271,-0.2301,52.559334589,-1.4559951389999999,202.51042000000118
56.42,8.0109,2.8986,9.3338,-0.1401,-0.1401,-0.2875,52.5593256,-1.4560013,202.52099999999982
56.52,4.3175,3.157,9.9446,-0.0038,-0.0038,0.187,52.5593167,-1.4560074,202.444
56.62,-1.5941,-0.8692,10.8611,0.1947,0.1947,0.5,52.559307800000006,-1.4560135,202.58499999999867
56.72,-4.5457,-2.6892,12.2164,0.228,0.228,0.2414,52.5592989,-1.4560195000000002,202.49299999999272
56.82,0.8292,1.7193,9.2739,-0.2037,-0.2037,-0.603,52.55929,-1.4560254999999998,202.24300000000727
56.921,5.5331,3.3252,8.6405,-0.0736,-0.0736,-0.2843,52.559281011,-1.4560316599999998,202.48195000000152
57.02,0.7215,0.7228,9.7446,-0.1501,-0.1501,-0.2792,52.5592722,-1.4560376,202.378
57.12,-1.5103,0.6135,9.3731,0.131,0.131,0.4568,52.5592633,-1.4560436,202.31199999999964
57.22,-5.7716,-0.9589,10.8657,0.0956,0.0956,0.0719,52.5592545,-1.4560496000000003,202.28700000000177
57.32,-4.5361,-0.0468,10.4534,-0.1312,-0.1312,-0.4242,52.5592456,-1.4560555999999998,202.34799999999822
57.42,2.9228,2.7065,8.887,-0.0557,-0.0557,-0.267,52.5592368,-1.4560615999999995,202.24300000000153
57.52,2.0311,2.4153,8.8721,-0.017,-0.017,0.1275,52.559228,-1.4560675,202.163
57.62,-1.5805,1.0327,9.2069,0.0253,0.0253,0.1918,52.5592192,-1.4560734999999998,202.36099999999269
57.72,-3.1923,-0.8235,10.1225,-0.0351,-0.0351,-0.0884,52.5592104,-1.4560792000000002,201.85700000001376
57.82,0.281,0.671,9.5291,-0.0188,-0.0188,-0.0876,52.5592017,-1.4560850999999997,202.32999999998623
57.92,1.5025,0.5046,9.6782,-0.0468,-0.0468,-0.1195,52.55919300000001,-1.456091,202.2900000000006
58.02,-2.3245,-0.1653,9.7439,-0.087,-0.087,0.094,52.5591843,-1.4560968,202.021
58.12,-2.744,0.1715,10.366,0.0996,0.0996,0.2402,52.5591757,-1.4561027,202.3429999999974
58.219,2.5569,2.5426,10.66,0.0175,0.0175,0.0282,52.559167186,-1.4561083430000004,202.16578999999481
58.319,3.4529,2.5038,9.1061,-0.3726,-0.3726,0.1696,52.559158586,-1.4561141420000001,202.15410000000028
58.42,0.2775,1.0221,8.5871,0.1431,0.1431,-0.0416,52.5591498,-1.45612,202.10700000000068
58.52,-4.9259,-3.348,11.6419,-0.2043,-0.2043,0.1445,52.5591412,-1.4561257,202.009
58.62,-2.363,-1.0579,10.783,0.2067,0.2067,0.3073,52.5591325,-1.4561315,202.1170000000028
58.72,3.1542,2.4211,9.3336,0.1208,0.1208,0.1989,52.5591239,-1.4561374,202.3119999999911
58.82,2.45,0.9841,10.283,0.1197,0.1197,-0.3361,52.5591153,-1.4561430999999996,202.00500000000895
58.92,-1.3838,0.3545,10.9897,-0.012,-0.012,-0.185,52.5591066,-1.4561489,202.30399999999565
59.02,-3.4844,-1.3722,10.8932,-0.0147,-0.0147,0.1445,52.5590979,-1.4561548,202.33
59.12,-2.7245,-0.2551,10.4159,0.1943,0.1943,0.1962,52.5590892,-1.4561605,201.86600000000672
59.22,-2.0414,0.1694,9.6172,-0.0002,-0.0002,0.0181,52.55908050000001,-1.4561664000000003,202.3289999999908
59.32,2.23,1.1853,9.6305,-0.0068,-0.0068,-0.1718,52.5590717,-1.4561722999999998,202.01200000000924
59.42,2.5693,1.4099,9.3233,-0.0198,-0.0198,-0.2073,52.5590629,-1.4561782,202.0869999999989
59.52,-2.0555,-0.7571,9.4874,-0.0333,-0.0333,0.0119,52.5590541,-1.4561841,202.053
59.62,-0.9712,0.1345,10.5912,-0.0369,-0.0369,0.0901,52.5590452,-1.45619,202.06400000000212
59.72,-0.0733,-0.0213,10.4818,-0.1586,-0.1586,0.1572,52.5590363,-1.456196,202.2119999999967
59.82,2.3217,-0.5532,9.7427,0.2435,0.2435,-0.2089,52.5590273,-1.4562019999999998,202.0990000000033
59.92,-0.3756,0.0332,10.1431,-0.0917,-0.0917,-0.0623,52.559018300000005,-1.4562080000000002,202.10199999999995
60.02,-0.8845,-1.262,10.369,-0.0982,-0.0982,-0.0535,52.5590092,-1.4562141,202.054
60.12,-1.0417,0.5949,10.5091,0.0085,0.0085,0.0215,52.5590002,-1.4562201,202.05800000000255
60.22,1.4646,0.9612,9.8804,-0.0567,-0.0567,0.0681,52.5589911,-1.4562263000000004,202.23500000000814
60.32,3.5777,1.6231,9.854,0.0898,0.0898,-0.2837,52.558982,-1.4562324999999996,202.51499999999183
60.42,2.2577,1.463,9.7641,0.0366,0.0366,0.0946,52.55897289999999,-1.4562387,202.6179999999985
60.519,-2.8701,-0.7158,10.0826,0.0958,0.0958,0.032,52.558963891,-1.456244838,202.68433
60.62,-2.2883,0.2854,9.8517,-0.0456,-0.0456,0.3209,52.5589548,-1.4562512,202.75800000000237
60.72,2.3353,2.1945,9.0388,0.05,0.05,0.0831,52.5589457,-1.4562576000000003,202.9200000000084
60.819,0.4319,1.2756,9.5863,-0.0523,-0.0523,-0.1127,52.558936691,-1.4562639359999998,203.20610999999175
60.92,-3.8171,3.4394,9.7194,0.0681,0.0681,-0.2484,52.5589276,-1.4562704,203.15900000000073
61.02,-0.5373,0.3602,8.7972,-0.2401,-0.2401,0.0307,52.5589186,-1.4562767,203.054
61.12,-1.742,-0.6014,11.1164,-0.0572,-0.0572,-0.0476,52.5589095,-1.456283,202.77400000000023
61.22,0.4948,-0.8491,11.3418,-0.2492,-0.2492,0.1329,52.55890050000001,-1.4562892000000003,202.78999999999525
61.32,1.9773,1.8307,10.0981,-0.0889,-0.0889,-0.1507,52.5588915,-1.4562954999999997,202.62700000000476
61.42,1.0905,1.149,10.2061,0.0018,0.0018,-0.0508,52.5588825,-1.4563017,202.73899999999838
61.52,-0.8795,1.04,9.8333,-0.0402,-0.0402,0.0092,52.5588735,-1.4563078,202.622
61.619,-1.4288,0.7952,9.6235,-0.123,-0.123,0.1748,52.55886459,-1.4563139380000003,202.50022999999823
61.72,1.0305,2.0233,9.1951,0.0713,0.0713,0.2307,52.5588556,-1.4563201000000001,202.57199999999642
61.82,2.2983,1.9425,9.1788,0.1597,0.1597,-0.1585,52.5588467,-1.4563260999999996,202.4490000000036
61.92,-0.48,0.0375,9.8488,-0.0995,-0.0995,-0.133,52.5588378,-1.4563322,202.3940000000008
62.02,-1.0425,1.1833,9.559,0.0372,0.0372,-0.0487,52.5588288,-1.4563382,202.18
62.119,-2.3372,0.342,9.9599,-0.0406,-0.0406,0.1936,52.558820088,-1.456344239,202.5106600000048
62.219,1.4075,1.3431,8.9292,0.0618,0.0618,0.0138,52.558811189,-1.4563502400000004,202.38232999999616
62.32,1.1457,0.9434,8.6619,0.069,0.069,-0.1208,52.5588023,-1.4563562999999997,202.3839999999999
62.419,-5.898,-0.5275,10.6648,-0.0716,-0.0716,-0.2337,52.558793488999996,-1.45636224,202.48200999999855
62.52,0.5729,1.2173,10.1342,-0.2149,-0.2149,-0.6113,52.5587846,-1.4563683,202.377
62.62,4.054,3.6327,9.496,0.1482,0.1482,-0.0205,52.5587757,-1.4563744,202.57999999999603
62.72,8.0972,3.8139,8.7847,0.2905,0.2905,0.5302,52.5587669,-1.4563803000000002,202.30500000001368
62.82,-2.2555,-0.8021,10.264,-0.0454,-0.0454,-0.3041,52.55875820000001,-1.4563863999999997,202.7749999999863
62.919,-6.1525,-2.5861,10.352,-0.1558,-0.1558,-0.4934,52.558749488000004,-1.456392241,202.4255300000052
63.02,4.5224,2.3032,8.7803,-0.1184,-0.1184,-0.2309,52.55874070000001,-1.4563984,202.924
63.12,3.232,2.4443,9.4418,0.0573,0.0573,0.2688,52.558732,-1.4564044,202.76700000000488
63.219,-1.8398,1.1311,9.7938,-0.0327,-0.0327,0.1022,52.558723486,-1.4564104390000003,203.10162000000977
63.319,-4.6317,-1.4215,10.6664,-0.0923,-0.0923,-0.3288,52.55871498500001,-1.4564166379999997,203.7752299999807
63.42,4.1572,2.2182,9.5215,-0.0013,-0.0013,-0.3419,52.5587064,-1.4564227,203.507000000004
63.52,6.8292,2.8449,9.3106,-0.0038,-0.0038,0.0798,52.55869800000001,-1.4564289,204.025
63.62,-0.6624,-0.3034,10.0071,0.0936,0.0936,0.4625,52.5586896,-1.4564351000000002,204.21199999998697
63.72,-7.307,-1.9004,10.7809,0.0246,0.0246,-0.0983,52.5586811,-1.4564410000000003,203.3130000000106
63.82,-3.9779,0.2449,10.6834,-0.15,-0.15,-0.3241,52.5586728,-1.4564469999999998,203.67799999998937
63.92,3.5588,3.0343,10.1945,-0.0799,-0.0799,-0.2959,52.5586644,-1.4564529,202.96200000001042
64.021,1.284,3.8671,9.2653,0.1814,0.1814,-0.1176,52.558656017,-1.456458758,202.99279000000007
64.119,-2.5922,0.6844,9.4151,0.0663,0.0663,0.3798,52.558647883000006,-1.456464442,203.26621000000404
64.219,-4.0123,-3.3097,9.595,-0.0557,-0.0557,0.1088,52.558639583,-1.456470143,202.76706999998532
64.32,2.7647,1.8303,9.6716,-0.0094,-0.0094,-0.2065,52.5586312,-1.4564756999999997,202.26800000001438
64.42,4.778,-0.035,9.6601,-0.0286,-0.0286,-0.2832,52.5586229,-1.4564811999999998,201.9720000000043
64.52,0.8368,-0.8439,10.2038,-0.0229,-0.0229,0.182,52.558614600000006,-1.4564864,200.965
64.62,-4.4185,0.0235,10.7771,0.1186,0.1186,0.2919,52.5586064,-1.4564917000000002,201.434999999995
64.719,-3.2244,-2.3286,10.4661,0.0107,0.0107,0.1027,52.558598282000005,-1.4564968480000002,201.0964199999901
64.82,3.4597,-1.461,10.7641,-0.2099,-0.2099,-0.2427,52.55859,-1.4565020999999998,200.9350000000046
64.92,3.1485,2.1943,11.231,0.0118,0.0118,-0.0885,52.5585819,-1.4565073999999998,201.57999999999066
65.02,0.3067,2.3246,11.4624,-0.0233,-0.0233,0.2502,52.5585737,-1.4565127,201.44
65.12,-0.5609,-4.559,11.8387,0.1957,0.1957,0.0791,52.5585657,-1.456518,201.74599999999964
65.22,2.5757,0.7481,11.4129,0.0694,0.0694,0.0825,52.55855759999999,-1.4565232000000001,201.71999999999622
65.32,2.6928,-1.0813,11.3353,0.1451,0.1451,-0.1934,52.5585496,-1.4565284999999997,201.59000000000378
65.42,1.6395,-0.7276,10.812,0.0289,0.0289,0.002,52.5585417,-1.4565337,201.8399999999964
65.52,1.4067,-1.4229,10.6757,-0.1709,-0.1709,0.0913,52.5585338,-1.456539,201.98
65.62,0.7447,3.6366,8.9484,-0.0634,-0.0634,-0.0851,52.5585261,-1.4565443,202.10799999999816
65.72,-3.8054,-1.4871,8.6903,0.1106,0.1106,-0.4099,52.5585182,-1.4565496000000002,201.98200000000858
65.819,2.6103,-4.1404,9.0258,-0.1711,-0.1711,0.1146,52.558510577,-1.4565548469999998,202.2740499999916
65.92,3.5535,2.0763,7.0257,0.1913,0.1913,-0.054,52.5585028,-1.4565601,202.32699999999926
66.02,-4.6428,-0.9124,9.2007,0.0882,0.0882,0.3026,52.5584951,-1.4565655000000002,202.614
66.12,-4.6578,-1.0207,9.7418,-0.0017,-0.0017,-0.1553,52.5584874,-1.4565707,202.22300000000527
66.22,3.8011,3.0544,8.7326,-0.078,-0.078,-0.2682,52.5584797,-1.4565760000000003,202.58199999999934
66.32,2.7758,1.4045,9.136,-0.1548,-0.1548,-0.2802,52.5584719,-1.4565813999999997,202.56000000000066
66.42,0.4635,1.3976,11.3499,-0.0062,-0.0062,-0.0365,52.5584641,-1.4565867,202.6089999999993
66.52,-7.1741,-2.2082,11.1005,0.166,0.166,0.1815,52.5584564,-1.4565921000000002,202.966
66.62,-6.3251,-2.3382,10.5708,-0.1173,-0.1173,-0.3748,52.5584486,-1.4565975,203.1009999999949
66.72,6.5477,3.44,9.4494,-0.134,-0.134,-0.5051,52.5584408,-1.4566028000000002,202.75300000000428
66.82,4.4127,2.3188,9.9484,-0.0993,-0.0993,-0.514,52.55843289999999,-1.4566082999999999,202.8999999999957
66.92,-0.1418,0.076,10.2239,0.0158,0.0158,0.3492,52.5584251,-1.4566137,202.92099999999968
67.021,-7.0588,-1.7936,10.7881,0.1133,0.1133,0.368,52.55841712,-1.456619256,203.10932999999997
67.119,2.4533,1.6753,9.5804,-0.0546,-0.0546,-0.1622,52.55840928,-1.456624744,202.94566999999756
67.22,5.9288,1.1976,7.5386,-0.0907,-0.0907,-0.2619,52.5584013,-1.4566303000000003,202.9379999999937
67.32,1.1123,2.2344,9.6513,0.0469,0.0469,0.009,52.5583932,-1.4566357999999997,202.7220000000063
67.42,-3.9445,-1.5112,8.7281,0.0782,0.0782,0.045,52.5583851,-1.4566414,202.9169999999972
67.52,-2.6368,-0.9076,8.5911,0.0241,0.0241,0.4052,52.55837699999999,-1.456647,202.909
67.619,2.7697,2.3365,8.7736,0.1886,0.1886,-0.0058,52.558368981,-1.4566525440000002,202.9030599999999
67.72,-1.171,0.2683,9.2342,-0.0863,-0.0863,-0.1695,52.5583608,-1.4566583000000002,203.14499999999026
67.82,-1.4424,0.4406,8.886,0.1163,0.1163,-0.1688,52.5583524,-1.4566639999999997,202.81000000000975
67.92,-2.4435,0.966,9.4821,-0.0317,-0.0317,0.0215,52.5583442,-1.4566698,203.09699999999586
68.02,-0.7488,2.2061,9.5912,-0.0049,-0.0049,0.1559,52.5583359,-1.4566755,202.931
68.12,-3.8736,-0.5602,10.7957,-0.2103,-0.2103,-0.2847,52.5583276,-1.4566813,203.1869999999984
68.22,0.1479,0.4839,9.9167,-0.0799,-0.0799,-0.0052,52.5583193,-1.4566871000000001,203.07599999999948
68.32,7.4906,2.9077,11.6145,0.1617,0.1617,0.0269,52.558311,-1.4566928999999997,203.0580000000005
68.42,-4.3757,-1.2466,10.7738,-0.0049,-0.0049,0.4596,52.5583028,-1.4566987,203.0999999999994
68.52,-3.6361,-1.3913,9.5297,0.057,0.057,0.1136,52.5582945,-1.4567044,203.049
68.62,-1.0375,0.0074,9.4915,-0.1079,-0.1079,-0.2336,52.5582862,-1.4567102,202.92900000000358
68.72,5.029,3.5449,9.4701,-0.0717,-0.0717,-0.4399,52.558278,-1.4567160000000001,203.17299999999335
68.82,-1.4544,-0.2702,10.3611,-0.0149,-0.0149,-0.176,52.5582697,-1.4567216999999997,202.94500000000664
68.92,-2.0329,-2.0348,10.0995,-0.0049,-0.0049,0.2054,52.55826149999999,-1.4567275,203.07899999999808
69.02,-2.0208,-1.2173,10.3582,0.0362,0.0362,0.1166,52.5582532,-1.4567333,203.14
69.12,0.5395,0.1024,9.9529,0.0172,0.0172,-0.1298,52.55824500000001,-1.456739,202.99100000000215
69.22,1.1773,2.1081,10.1773,-0.0431,-0.0431,-0.0844,52.5582368,-1.4567447000000002,203.13699999999213
69.32,2.5526,-0.2653,9.5247,0.0606,0.0606,0.0948,52.5582286,-1.4567503999999998,202.86700000000786
69.42,-1.7871,-0.7053,10.3558,0.0204,0.0204,0.2366,52.5582204,-1.4567561,203.02399999999773
69.52,-2.1612,0.084,10.3654,0.0499,0.0499,0.0265,52.5582122,-1.4567617999999998,202.821
69.62,0.0352,-0.1993,9.9339,-0.0139,-0.0139,0.0422,52.558204,-1.4567674,202.83900000000094
69.72,2.6731,0.7992,10.1194,0.0262,0.0262,-0.1043,52.5581958,-1.4567731000000002,202.90099999999305
69.82,1.6501,-0.9949,10.1896,-0.0693,-0.0693,-0.0106,52.5581876,-1.4567786999999999,202.66200000000697
69.92,-1.7713,-0.0793,10.4108,0.1055,0.1055,0.0713,52.5581795,-1.4567842999999998,202.86399999999708
70.02,-0.5419,0.0706,10.3547,-0.0087,-0.0087,0.0777,52.558171300000005,-1.4567899,202.802
70.119,0.0997,1.4373,9.9732,0.0172,0.0172,-0.1186,52.558163281000006,-1.4567955430000001,202.92971000000188
70.219,1.3756,1.5597,9.5589,-0.0928,-0.0928,-0.0628,52.558155181000004,-1.4568011440000002,203.1428600000062
70.319,1.1572,-0.6076,9.8345,0.0122,0.0122,-0.0967,52.558147180000006,-1.4568067439999997,203.01729000000367
70.42,0.824,1.1807,9.8572,0.0258,0.0258,0.0822,52.558139,-1.4568123,202.5870000000062
70.52,-1.5634,-0.4344,10.4503,0.0321,0.0321,0.0889,52.5581309,-1.456818,202.957
70.62,0.0662,-0.5831,10.3284,-0.0192,-0.0192,0.0113,52.5581228,-1.4568234000000002,202.33999999999995
70.72,-0.5452,0.7111,10.3534,0.0969,0.0969,0.0502,52.5581146,-1.4568289000000003,202.33700000000496
70.82,1.5078,-0.1419,9.8143,-0.0495,-0.0495,0.0496,52.5581065,-1.4568344,202.50799999999504
70.92,0.5945,0.3367,9.7026,0.0684,0.0684,0.0475,52.5580984,-1.4568399,202.38900000000174
71.02,-0.611,-0.8285,10.0883,0.0684,0.0684,0.0475,52.5580903,-1.4568454,202.546
71.12,0.7042,-0.7223,9.7402,-0.0209,-0.0209,-0.0269,52.5580822,-1.4568509,202.37899999999996
71.22,-0.2905,-0.7882,9.6807,-0.0116,-0.0116,0.0372,52.558074,-1.4568564000000002,202.37699999999305
71.32,-1.2609,-0.1049,9.813,-0.0501,-0.0501,0.0326,52.5580659,-1.4568617999999995,202.13800000000697
71.42,-1.469,1.0671,9.1982,-0.0074,-0.0074,-0.0812,52.5580577,-1.4568673,202.27899999999795
71.52,2.6825,1.9162,8.7079,-0.0578,-0.0578,0.2306,52.5580496,-1.4568728,202.228
71.62,2.5069,2.0218,8.9093,0.1109,0.1109,0.088,52.5580413,-1.4568782,201.98600000000204
71.72,-3.5588,0.6109,9.3435,-0.0314,-0.0314,0.2299,52.5580331,-1.4568837000000001,202.12600000000205
71.82,-3.0139,-0.5516,10.1446,-0.043,-0.043,-0.0835,52.5580249,-1.4568891999999998,202.19599999999795
71.92,0.0595,0.8842,9.5907,-0.0763,-0.0763,-0.1382,52.5580166,-1.4568947,201.9490000000036
72.02,0.8224,1.6007,9.68,0.0403,0.0403,0.0562,52.5580083,-1.4569003,202.257
72.12,2.247,-0.78,8.9597,0.0307,0.0307,0.1813,52.557999900000006,-1.4569059,201.9889999999986
72.22,-1.7858,-1.2987,9.8253,-0.0216,-0.0216,0.1226,52.55799149999999,-1.4569114000000003,201.892999999994
72.32,0.3431,-0.9794,9.2305,-0.0644,-0.0644,-0.0497,52.5579831,-1.4569168999999997,201.687000000006
72.42,-2.1467,-0.1803,10.7228,0.045,0.045,0.0257,52.5579746,-1.4569223999999998,201.6110000000011
72.52,1.689,1.7777,10.9923,0.155,0.155,0.2416,52.557966,-1.4569280000000002,201.938
72.62,0.797,-2.2757,10.6052,-0.007,-0.007,0.1393,52.5579575,-1.4569337,202.13799999999645
72.72,-1.9009,-0.8088,10.7354,0.0033,0.0033,-0.0176,52.557949,-1.4569394000000002,201.89500000000317
72.82,-0.6388,-0.6983,10.4924,-0.0958,-0.0958,-0.1026,52.5579404,-1.4569450999999998,202.00299999999683
72.92,2.904,0.6714,10.0557,0.0262,0.0262,-0.2944,52.5579318,-1.4569508,201.82900000000254
73.02,1.227,-0.4678,10.2459,-0.0715,-0.0715,0.0579,52.5579231,-1.4569565,201.935
73.12,0.9115,1.129,10.0884,0.0722,0.0722,0.1193,52.5579144,-1.4569622,201.73000000000079
73.22,0.6832,-1.3971,9.8958,-0.0793,-0.0793,0.1216,52.5579058,-1.4569679000000002,201.7849999999968
73.32,-0.1244,-0.5108,10.3516,0.1007,0.1007,-0.0678,52.557897,-1.4569736,201.67600000000317
73.419,0.4817,-1.7013,10.0946,-0.0344,-0.0344,0.0311,52.557888387,-1.456979243,201.74628999999896
73.52,1.8036,-0.6229,9.7399,0.0653,0.0653,0.0159,52.5578796,-1.456985,201.748
73.62,1.8479,-0.1165,9.7493,-0.0515,-0.0515,0.0998,52.5578708,-1.4569908,201.86299999999576
73.72,-0.0383,-1.5797,10.1293,0.0701,0.0701,0.008,52.5578621,-1.4569964000000002,201.57300000000203
73.82,-1.2606,-0.2543,10.0658,-0.0077,-0.0077,0.033,52.5578534,-1.4570020999999997,201.64199999999798
73.92,-1.7816,-1.2905,9.98,-0.014,-0.014,-0.0344,52.5578447,-1.4570078,201.88899999999643
74.02,0.7064,-0.0194,9.0876,-0.0889,-0.0889,-0.0613,52.557836,-1.4570135,201.642
74.119,-0.3935,0.6868,9.7814,-0.0288,-0.0288,-0.0406,52.557827386999996,-1.457019044,201.52913999999834
74.22,-1.5594,-0.8736,9.7804,0.0077,0.0077,-0.1684,52.5578186,-1.4570248000000001,201.72699999999713
74.32,-0.2383,-0.2661,9.3916,-0.0578,-0.0578,0.0145,52.55781,-1.4570303999999998,201.62800000000286
74.42,-0.318,-0.1033,9.4097,0.0122,0.0122,0.0073,52.5578014,-1.4570361,201.98099999999488
74.52,1.4638,-0.138,9.2426,-0.0363,-0.0363,0.0493,52.5577929,-1.4570417000000002,201.996
74.62,-0.6978,0.5999,10.161,0.0049,0.0049,-0.0624,52.5577843,-1.4570475,202.33100000000812
74.72,1.4068,-0.8805,10.1215,0.1168,0.1168,-0.0818,52.5577759,-1.4570533000000003,202.88599999999616
74.82,-0.408,0.5217,10.968,0.0543,0.0543,0.0464,52.5577674,-1.4570590999999997,202.75400000000383
74.919,2.5547,0.1126,10.4441,-0.1046,-0.1046,0.1734,52.557759084,-1.457064743,202.52135000000345
75.02,-1.0906,-0.1215,11.1329,0.1783,0.1783,0.064,52.5577506,-1.4570706,202.489
75.12,-0.6452,-0.9446,10.4165,-0.0448,-0.0448,-0.099,52.557742100000006,-1.4570763,202.40599999999498
75.22,0.6,0.0238,9.5624,-0.001,-0.001,-0.0248,52.55773369999999,-1.4570818000000003,202.06200000000038
75.32,3.1419,1.115,9.161,-0.0475,-0.0475,0.0516,52.5577253,-1.4570873999999996,202.07499999999962
75.419,-1.4805,-0.1292,9.8074,0.0471,0.0471,0.1256,52.557716984,-1.4570928449999998,201.91858000000232
75.52,-0.7755,1.8064,9.8985,0.1236,0.1236,-0.0311,52.5577087,-1.4570985,202.264
75.62,-1.5758,0.4873,10.2199,-0.0346,-0.0346,-0.068,52.5577004,-1.4571040000000002,202.160000000003
75.72,2.8801,-1.5775,9.001,-0.0457,-0.0457,-0.0558,52.5576922,-1.4571096000000001,202.36499999999876
75.82,-2.1976,-0.463,10.7738,-0.1096,-0.1096,-0.0165,52.5576841,-1.4571150999999998,202.32200000000125
75.92,0.1581,0.7591,10.9994,0.1529,0.1529,-0.2102,52.557676,-1.4571206,202.5439999999968
76.02,1.5187,-2.2591,10.1608,-0.3018,-0.3018,-0.0504,52.55766789999999,-1.457126,202.159
76.12,-0.8798,-1.3929,10.2552,0.0035,0.0035,-0.0361,52.5576598,-1.4571314,202.2249999999997
76.22,-2.4937,0.2161,10.3177,0.0915,0.0915,0.1159,52.5576518,-1.4571368000000002,202.20500000000007
76.32,1.6337,0.7137,9.594,0.114,0.114,-0.0225,52.5576439,-1.4571420999999998,202.20699999999994
76.42,0.6427,-0.5193,9.604,-0.0174,-0.0174,-0.0549,52.5576359,-1.4571474,201.97100000000341
76.52,1.3636,0.0311,9.5811,-0.0694,-0.0694,-0.0338,52.557628,-1.4571527000000002,202.029
76.62,-2.0695,-0.0752,9.1756,0.0523,0.0523,-0.0544,52.5576201,-1.4571579,201.9769999999992
76.72,0.9908,2.4601,9.6259,0.0501,0.0501,0.2229,52.5576122,-1.4571631,201.92299999999722
76.82,-0.4027,3.8989,9.4561,0.1523,0.1523,-0.0014,52.5576043,-1.4571682999999997,201.82700000000278
76.919,2.2346,2.0669,9.4775,-0.0536,-0.0536,-0.1597,52.557596479000004,-1.4571734479999998,201.85966999999954
77.02,-1.4267,-0.158,10.1423,-0.0483,-0.0483,-0.1442,52.5575886,-1.4571787,201.825
77.12,-1.0043,-0.0787,10.4396,0.0862,0.0862,0.0069,52.5575808,-1.4571839,202.09899999999507
77.22,-0.8178,-0.0151,10.734,-0.0197,-0.0197,0.1253,52.5575729,-1.4571890000000003,201.76399999999975
77.32,0.4673,1.7245,10.1897,0.0896,0.0896,0.0344,52.5575651,-1.4571940999999997,201.75500000000025
77.42,-0.967,1.1599,10.2756,0.0881,0.0881,-0.0371,52.5575573,-1.4571993,202.04499999999578
77.52,-1.177,0.4783,10.905,-0.0208,-0.0208,-0.0744,52.5575495,-1.4572044999999998,201.967
77.62,-1.1155,-0.3344,10.3417,0.1295,0.1295,0.1344,52.5575417,-1.4572096,201.70300000000486
77.72,0.8209,0.3739,10.2078,0.0033,0.0033,0.1085,52.5575339,-1.4572148000000003,202.0349999999975
77.82,0.3437,0.2671,10.0093,-0.0089,-0.0089,-0.0557,52.5575262,-1.4572198999999997,201.9490000000025
77.92,-0.1247,0.6555,10.3318,-0.1628,-0.1628,-0.0957,52.5575184,-1.457225,201.87400000000108
78.02,-1.1383,-0.6181,10.5509,0.0312,0.0312,-0.0322,52.5575107,-1.4572302,201.86
78.12,-0.3116,-0.8274,10.4114,0.0635,0.0635,0.0807,52.557503,-1.4572353000000002,201.9900000000033
78.22,0.9052,-0.1036,10.1569,-0.0772,-0.0772,0.0222,52.5574953,-1.4572404000000003,202.215999999997
78.32,-1.5078,-0.146,9.9202,0.033,0.033,0.103,52.5574877,-1.4572454999999997,202.113000000003
78.42,-0.4972,0.9567,9.9042,-0.0397,-0.0397,-0.063,52.557480000000005,-1.4572507,202.2039999999987
78.519,-3.3323,0.2915,9.3575,0.0459,0.0459,-0.1098,52.557472575000006,-1.457255749,202.29706
78.62,-2.1484,-0.3782,9.5064,0.0116,0.0116,0.1138,52.55746490000001,-1.4572609,202.48700000000622
78.72,0.7199,0.2118,9.7905,0.0485,0.0485,-0.0615,52.557457500000005,-1.4572661000000005,202.91200000000757
78.82,0.9687,-0.2875,9.9941,-0.0038,-0.0038,-0.1346,52.5574501,-1.4572712999999997,203.1719999999924
78.92,1.8728,0.7235,9.5829,-0.0268,-0.0268,0.082,52.5574427,-1.4572766,203.34799999999746
79.02,-0.4144,0.073,10.4032,-0.0189,-0.0189,0.0035,52.5574354,-1.4572818,203.562
79.12,-0.6045,-0.365,9.9526,0.0585,0.0585,-0.0079,52.5574282,-1.4572870999999998,203.91900000000223
79.224,0.3176,0.6887,9.8264,0.0007,0.0007,0.038,52.557420816000004,-1.4572925120000002,204.07304000000204
79.32,-0.1005,1.4257,9.0328,-0.0437,-0.0437,-0.0487,52.557414,-1.4572976,204.14599999999777
79.42,-0.472,0.2353,9.4632,-0.0339,-0.0339,-0.0368,52.557407,-1.457303,205.12999999998573
79.52,-0.7983,0.2717,9.6246,-0.0104,-0.0104,0.0146,52.5574001,-1.4573083,205.379
79.62,-1.9245,-0.661,9.7265,-0.0592,-0.0592,-0.0131,52.5573933,-1.4573139,206.1260000000147
79.72,-0.9593,-0.1286,9.6668,0.075,0.075,-0.1129,52.5573865,-1.4573196000000004,207.13000000002765
79.819,-0.5266,0.271,10.0638,0.0155,0.0155,-0.0242,52.557379966,-1.4573253419999999,208.069509999973
79.92,0.842,-0.0463,9.8483,-0.0154,-0.0154,0.0191,52.5573734,-1.4573314,209.11699999998496
80.019,-1.509,0.1058,9.6117,-0.0194,-0.0194,-0.0466,52.557367064,-1.4573374390000002,209.88721999999996
80.119,-1.2788,0.8203,9.9501,-0.0043,-0.0043,-0.0162,52.557360763,-1.4573437370000002,211.1780400000187
80.219,-0.6861,1.4211,10.0583,0.0124,0.0124,0.0339,52.557354562,-1.4573501360000003,212.44038000003653
80.32,0.7371,1.2417,9.8909,0.0929,0.0929,-0.034,52.5573485,-1.4573567999999997,213.43399999997143
80.42,-0.4428,0.0354,10.0925,0.0521,0.0521,0.1077,52.5573426,-1.4573636,214.66799999998213
80.52,-0.8494,-2.8846,9.9045,-0.0412,-0.0412,-0.126,52.5573368,-1.4573705,215.894
80.62,-1.2842,0.4942,10.2263,-0.0982,-0.0982,-0.1444,52.5573312,-1.4573776,216.9400000000195
80.72,-0.9007,1.758,10.2427,0.023,0.023,-0.0828,52.5573256,-1.4573849000000003,218.27300000004422
80.82,4.0969,0.552,9.5123,-0.0167,-0.0167,0.2217,52.55732020000001,-1.4573922999999998,219.79099999995577
80.92,1.3549,-0.3189,9.9633,-0.045,-0.045,-0.0287,52.557315,-1.4573998999999995,220.7419999999862
81.02,-1.4911,0.62,9.9214,0.002,0.002,-0.2108,52.5573099,-1.4574075,222.033
81.12,2.6532,-1.4159,9.6311,0.059,0.059,-0.0903,52.5573049,-1.4574153000000003,223.12700000001217
81.22,-1.338,0.0922,10.749,0.0722,0.0722,0.0687,52.557300000000005,-1.4574231000000002,223.95900000003272
81.32,1.5401,2.801,10.8522,-0.0729,-0.0729,0.2277,52.5572952,-1.4574311,225.08199999996728
81.42,0.9584,0.8553,10.3269,0.0143,0.0143,0.0481,52.5572906,-1.4574391999999998,226.28799999998253
81.52,-0.2372,-2.7174,9.8455,0.0235,0.0235,-0.1413,52.557286100000006,-1.4574473,227.573
81.619,-0.879,-3.2608,9.9025,0.0496,0.0496,0.0248,52.557281743999994,-1.457455517,228.74021000001704
81.72,-0.656,0.195,10.1442,0.0304,0.0304,0.0996,52.5572774,-1.4574640000000003,229.9410000000316
81.82,0.9895,2.5534,10.1098,-0.0281,-0.0281,0.0549,52.5572733,-1.4574725,231.0259999999684
81.92,-0.0594,2.207,9.9236,-0.0097,-0.0097,0.0551,52.55726919999999,-1.4574809999999998,231.68599999999043
82.02,-1.7489,-0.4296,9.7067,-0.0407,-0.0407,-0.0687,52.557265300000005,-1.4574896,232.611
82.12,-1.1057,0.9321,9.8577,0.0103,0.0103,0.0645,52.55726130000001,-1.4574983000000001,233.12100000000606
82.22,-1.4238,1.3995,10.626,0.0856,0.0856,0.0725,52.557257400000005,-1.4575070000000003,233.53400000001582
82.32,1.0934,-0.0634,9.4177,0.0346,0.0346,-0.0807,52.5572536,-1.4575156999999999,234.07699999998417
82.42,2.5823,-0.6907,9.5823,-0.0492,-0.0492,-0.0139,52.55724970000001,-1.4575244999999997,234.40499999999525
82.52,-0.414,-0.9928,9.5566,-0.0517,-0.0517,-0.1494,52.5572458,-1.4575335,234.016
82.621,-2.2438,-0.9261,9.4993,-0.0427,-0.0427,-0.0332,52.55724176,-1.457542589,233.98889999999838
82.72,-1.8671,0.5402,9.664,-0.051,-0.051,0.1507,52.5572378,-1.4575514,233.87999999996853
82.82,-0.3505,1.276,10.1832,-0.0124,-0.0124,-0.0079,52.5572337,-1.4575602999999997,232.80000000003147
82.92,0.521,1.2331,10.3749,0.0632,0.0632,-0.0718,52.5572293,-1.4575689999999997,231.19300000002332
83.02,-0.433,-1.1694,9.9527,0.0416,0.0416,-0.0738,52.55722490000001,-1.4575779,230.738
83.12,0.9802,-0.0284,10.4803,-0.0748,-0.0748,0.0892,52.5572203,-1.4575866000000002,229.54799999998684
83.22,0.356,-1.108,10.3314,0.0218,0.0218,0.0348,52.5572156,-1.4575953000000001,228.6489999999619
83.32,0.6743,-0.0292,9.5962,-0.0394,-0.0394,0.1571,52.5572108,-1.4576037999999998,227.34100000003812
83.42,0.8697,-0.1404,9.3844,-0.0854,-0.0854,-0.0414,52.5572059,-1.4576120999999997,226.15300000001722
83.52,1.6365,-0.1746,9.5154,0.0359,0.0359,-0.0189,52.5572008,-1.4576203,225.108
83.62,0.1764,-1.1712,10.2793,-0.0064,-0.0064,0.0444,52.5571957,-1.4576283000000003,223.84199999997426
83.719,-0.5505,-1.9026,9.6794,-0.0382,-0.0382,-0.0756,52.557190354,-1.4576360220000002,222.1005899999491
83.82,-0.1923,-2.0758,10.4888,-0.2432,-0.2432,0.0349,52.5571848,-1.4576434999999999,219.82000000006593
83.92,4.8531,-0.0394,10.8351,0.0371,0.0371,-0.3245,52.5571793,-1.4576509000000002,219.474000000005
84.02,1.495,1.3161,11.9955,-0.0596,-0.0596,-0.1744,52.5571737,-1.4576579,217.247
84.12,8.3716,3.7063,9.4039,0.3257,0.3257,0.1132,52.557168,-1.4576646999999998,216.29399999998282
84.22,-1.453,-0.569,9.2369,-0.2001,-0.2001,-0.5452,52.5571622,-1.4576713000000001,215.11899999999278
84.32,-5.6923,-2.0513,10.6481,-0.2701,-0.2701,-0.3677,52.5571564,-1.4576778999999997,214.87000000000725
84.42,-6.1369,-1.4446,10.6126,0.1585,0.1585,0.0413,52.5571504,-1.4576843,213.45500000002053
84.52,0.2435,0.1276,11.0922,-0.0325,-0.0325,0.1725,52.5571445,-1.4576905999999998,213.038
84.62,4.4925,1.2643,9.6179,0.0748,0.0748,-0.1653,52.5571385,-1.4576965999999998,211.60999999998873
84.72,2.8087,1.5744,9.0784,-0.0526,-0.0526,-0.3284,52.5571325,-1.4577025000000001,210.8399999999857
84.82,-1.472,0.6824,9.8423,0.0497,0.0497,-0.032,52.5571265,-1.4577081999999997,210.34900000001429
84.92,-0.261,-0.3929,10.1504,0.054,0.054,0.088,52.5571203,-1.4577137,208.93900000002043
85.02,2.4199,-0.075,10.2395,-0.007,-0.007,0.0851,52.5571143,-1.4577193,209.306
85.12,1.7951,0.3874,9.0241,0.0978,0.0978,0.0841,52.5571082,-1.4577248,209.0039999999944
85.22,-0.4957,-1.5872,9.8376,0.0065,0.0065,-0.0854,52.5571022,-1.4577302000000003,208.62200000000072
85.32,-1.5059,-2.686,10.0993,0.0819,0.0819,0.0997,52.5570962,-1.4577355999999997,208.64599999999928
85.419,0.0513,0.1226,9.5601,0.0284,0.0284,0.0034,52.557090161000005,-1.457740748,207.53225000001652
85.519,0.3126,2.2695,10.3715,0.0226,0.0226,0.1216,52.557083962,-1.4577457500000002,206.39042000000006
85.62,-0.8717,1.8542,10.7337,0.0073,0.0073,0.076,52.5570777,-1.4577507000000005,206.03899999999112
85.72,-1.8139,1.2673,10.7216,-0.1553,-0.1553,-0.0574,52.5570716,-1.4577554000000001,205.43399999998857
85.82,-0.2105,0.06,9.3878,-0.097,-0.097,-0.0192,52.5570656,-1.4577599999999997,205.04100000001145
85.92,0.7275,-1.6942,9.059,-0.026,-0.026,0.0366,52.5570595,-1.4577645,204.67200000000534
86.021,0.7247,-2.0993,9.1327,0.0942,0.0942,-0.1245,52.557053440000004,-1.457769045,204.37185000000002
86.119,0.5037,-2.8788,9.5215,0.0045,0.0045,-0.007,52.55704756,-1.4577734549999999,204.3571499999998
86.219,-0.9842,-1.0622,9.7736,0.0275,0.0275,-0.1218,52.557041559999995,-1.4577777570000001,203.81447999998417
86.319,-0.7863,1.5675,10.2856,-0.0593,-0.0593,-0.0123,52.557035461,-1.457782156,203.86740999999833
86.424,1.2575,-1.2551,9.8237,-0.0177,-0.0177,-0.0204,52.55702936,-1.4577867679999998,204.1814800000085
86.52,1.729,-2.3333,9.7585,0.0354,0.0354,-0.0115,52.5570236,-1.4577908000000002,203.593
86.619,0.6716,0.1704,10.647,0.1541,0.1541,-0.1151,52.557017759000004,-1.457794958,203.54151999999925
86.72,-2.228,1.2292,9.7529,-0.0181,-0.0181,-0.1214,52.55701179999999,-1.4577993000000002,203.83999999998716
86.82,-0.1531,-0.4392,9.5868,-0.0667,-0.0667,0.0528,52.5570059,-1.4578034999999998,203.39900000001285
86.92,0.0677,-1.3001,9.7277,0.0522,0.0522,-0.0976,52.5570001,-1.4578074,202.69300000001024
87.02,-0.5101,0.5371,10.1266,-0.0107,-0.0107,-0.0158,52.5569943,-1.4578116,203.177
87.12,1.6085,-1.9201,9.5857,0.0034,0.0034,-0.0049,52.5569885,-1.4578157,203.53900000000363
87.22,0.5542,1.5738,10.537,-0.154,-0.154,0.1282,52.556982700000006,-1.4578199,203.78799999998364
87.32,-0.1755,1.3423,10.0821,0.0899,0.0899,-0.0789,52.5569768,-1.4578240999999996,203.22600000001637
87.42,0.6262,-0.7386,9.9338,-0.0961,-0.0961,0.0717,52.556971,-1.4578281,202.90100000000473
87.52,-0.1615,-0.1824,9.9939,0.0104,0.0104,-0.0787,52.55696509999999,-1.4578323,203.49400000000003
87.62,-0.5828,1.2961,10.021,0.0342,0.0342,0.0082,52.5569592,-1.4578367,204.0899999999978
87.72,0.7788,0.6269,10.1237,0.0273,0.0273,0.0042,52.5569532,-1.4578410000000002,203.93800000000016
87.82,-0.0697,-1.2872,9.4982,-0.0601,-0.0601,0.0621,52.5569473,-1.4578453999999998,203.94399999999982
87.92,-0.7064,-0.72,9.5895,0.0221,0.0221,0.0486,52.5569412,-1.45785,204.29699999999488
88.02,-0.5706,1.4984,9.7417,-0.052,-0.052,-0.0365,52.5569352,-1.4578544999999998,204.562
88.123,-1.3727,1.542,10.5143,0.1307,0.1307,-0.0586,52.556928813999995,-1.457859341,204.52950000000678
88.22,0.6623,0.4931,10.5468,-0.0234,-0.0234,0.0926,52.5569228,-1.4578639000000002,204.9660000000082
88.32,1.2424,-0.0182,10.2166,-0.0194,-0.0194,0.0794,52.5569166,-1.4578687999999997,205.24699999999183
88.42,1.1461,1.0821,10.4724,0.0701,0.0701,-0.1476,52.5569102,-1.4578737,205.23100000000022
88.52,-0.6854,1.4152,10.4416,0.0982,0.0982,0.0409,52.5569038,-1.4578786,205.082
88.62,0.6035,1.3308,9.894,0.1085,0.1085,-0.112,52.5568974,-1.4578836,205.44899999999706
88.72,-0.0886,0.2824,9.6224,-0.132,-0.132,0.0601,52.556890800000005,-1.4578887000000003,205.24799999998754
88.82,1.9819,-0.8287,9.6221,0.0308,0.0308,0.0121,52.556884,-1.4578937999999997,204.82100000001245
88.92,0.642,-0.5655,9.8059,-0.2415,-0.2415,0.0191,52.556877500000006,-1.4578992,206.32299999997824
89.02,-0.4404,-0.8876,10.2222,0.0426,0.0426,-0.1021,52.5568705,-1.4579042999999998,204.338
89.12,0.6139,1.288,10.119,-0.116,-0.116,0.1621,52.5568636,-1.4579097,205.2679999999826
89.22,0.7469,1.9307,9.9635,0.1153,0.1153,0.0361,52.5568564,-1.4579149,204.07999999999356
89.32,0.3417,1.8394,9.9616,0.0729,0.0729,-0.0798,52.5568492,-1.4579200999999997,203.85900000000646
89.42,-0.9513,0.3355,9.0698,0.1224,0.1224,-0.07,52.5568419,-1.4579254,203.66000000000287
89.52,-0.4372,1.4082,8.7242,-0.0757,-0.0757,0.0091,52.5568344,-1.4579306,203.396
89.62,0.0481,2.4696,8.668,-0.0632,-0.0632,0.1335,52.5568269,-1.4579359,203.11999999999216
89.72,0.3181,1.4403,10.0654,0.1564,0.1564,-0.0614,52.5568191,-1.4579412000000003,202.58399999999477
89.82,-1.6828,0.2182,10.1917,-0.1364,-0.1364,-0.1455,52.55681130000001,-1.4579464999999998,202.40400000000523
89.92,-2.8369,0.1944,10.3524,-0.0099,-0.0099,-0.1406,52.5568033,-1.4579518,202.2460000000023
90.02,0.1373,2.6015,9.4689,-0.01,-0.01,-0.0248,52.5567952,-1.4579573,202.297
90.12,0.4891,1.8118,9.3536,0.11,0.11,0.0165,52.556787,-1.4579628999999998,202.54000000000303
90.22,-0.063,0.7045,9.3156,-0.0876,-0.0876,0.1635,52.5567787,-1.4579686000000003,202.74700000000692
90.32,-3.0189,0.5972,9.5417,0.104,0.104,-0.0795,52.5567703,-1.4579744999999997,202.9839999999931
90.42,-0.6515,1.8783,9.9024,-0.0615,-0.0615,-0.1595,52.5567617,-1.4579804,202.81700000000242
90.52,-0.1441,1.63,9.7023,-0.0644,-0.0644,0.045,52.5567531,-1.4579863000000002,202.683
90.62,0.7706,0.721,9.2257,-0.0253,-0.0253,0.202,52.5567444,-1.4579923,202.72700000000268
90.719,-1.2713,0.0365,9.7274,-0.0872,-0.0872,0.0684,52.556735688,-1.4579983390000002,202.9081700000053
90.82,-2.2818,0.4982,10.3159,0.0397,0.0397,-0.063,52.5567267,-1.4580044999999997,202.5260000000112
90.92,-1.2944,1.1479,10.2724,-0.0362,-0.0362,-0.0771,52.5567178,-1.4580106000000002,202.6899999999976
91.02,-0.0311,1.2817,9.6332,-0.0082,-0.0082,-0.0889,52.5567088,-1.4580168,202.461
91.12,1.0464,-0.0038,9.8507,-0.0379,-0.0379,0.1046,52.5566997,-1.458023,202.5979999999969
91.22,0.1709,-0.7669,9.292,-0.0879,-0.0879,0.0552,52.5566905,-1.4580292000000001,202.38500000000457
91.32,-1.0715,-0.2707,9.2608,-0.0285,-0.0285,-0.0871,52.5566814,-1.4580353999999998,202.54199999999543
91.42,-0.0641,0.7799,9.5966,-0.0653,-0.0653,-0.1141,52.5566723,-1.4580417,202.6449999999985
91.52,0.6732,2.0503,9.9169,0.0099,0.0099,0.0329,52.5566631,-1.4580480999999998,202.834
91.619,-0.8302,1.1693,10.442,-0.0032,-0.0032,0.0593,52.556654091,-1.4580544359999998,203.1220900000042
91.72,-1.8793,0.4517,10.0973,0.0903,0.0903,0.0696,52.5566448,-1.4580607000000003,202.53899999999317
91.82,-1.1598,0.5144,10.1677,-0.0438,-0.0438,-0.0952,52.5566355,-1.4580669999999998,202.30500000000683
91.92,0.7847,2.3288,9.1204,-0.0716,-0.0716,-0.0797,52.5566262,-1.4580731,202.09500000000304
92.02,-0.2577,1.9953,9.6624,-0.039,-0.039,-0.0671,52.5566169,-1.4580793,201.902
92.12,-0.4233,0.7247,9.6406,0.0526,0.0526,0.0624,52.556607500000005,-1.4580856,202.29899999999918
92.22,-0.5107,0.9331,9.5364,-0.0274,-0.0274,0.0277,52.5565982,-1.4580919000000003,202.243000000007
92.32,-1.3696,-0.1224,9.4943,0.027,0.027,-0.023,52.556589,-1.4580980999999997,202.482999999993
92.42,1.1783,1.0707,9.6521,0.0295,0.0295,-0.1743,52.5565799,-1.4581036,200.4410000000296
92.52,1.4466,1.3637,9.6904,-0.056,-0.056,-0.0819,52.5565706,-1.4581085,198.639
92.62,-0.2656,1.0913,9.8498,-0.0603,-0.0603,-0.0007,52.55656179999999,-1.4581136,199.20099999998237
92.719,-2.948,-0.0668,9.6556,0.0408,0.0408,0.1615,52.556552692000004,-1.458118253,198.00903999996518
92.82,-1.6581,1.0839,9.6052,0.0531,0.0531,0.017,52.5565434,-1.4581228,197.2830000000208
92.92,1.4482,1.4453,9.4539,-0.0179,-0.0179,-0.1448,52.556535,-1.458128,198.76199999997857
93.02,-3.25,-0.4,10.2785,-0.0591,-0.0591,-0.1503,52.5565259,-1.4581335,199.702
93.12,-2.5405,0.3201,10.3224,-0.0272,-0.0272,0.1252,52.5565171,-1.458139,200.1799999999839
93.22,-3.2614,0.7785,9.509,0.016,0.016,0.1783,52.5565084,-1.4581435,199.07900000000106
93.32,-0.9619,0.5603,9.2573,0.0679,0.0679,-0.0411,52.5564998,-1.4581482999999997,199.11499999999896
93.42,-0.1508,0.6806,9.6711,-0.0217,-0.0217,-0.0092,52.556490700000005,-1.4581533,198.69800000000606
93.52,-1.6348,0.8643,9.8081,0.0388,0.0388,-0.0114,52.5564807,-1.4581594,198.828
93.62,-1.4772,0.5391,9.2838,-0.0194,-0.0194,0.0727,52.5564711,-1.4581647,198.67199999999875
93.72,-2.169,0.0323,9.3763,-0.0459,-0.0459,-0.0097,52.5564613,-1.4581701000000002,198.5859999999904
93.82,-2.8488,0.6123,9.3474,0.0337,0.0337,-0.0206,52.5564515,-1.4581753999999996,198.2560000000096
93.92,-0.5077,2.1275,9.4789,-0.0274,-0.0274,-0.0021,52.556442100000005,-1.4581808,198.49999999999648
94.02,-0.3221,1.235,9.3116,0.0347,0.0347,0.0234,52.5564328,-1.4581865,198.878
94.12,-3.6064,-0.3211,10.5271,0.0219,0.0219,0.1439,52.5564234,-1.4581924,198.989999999998
94.22,-2.0045,-0.216,9.7724,0.0775,0.0775,0.1692,52.5564141,-1.4581974000000002,198.85200000001444
94.32,-0.5839,0.2767,9.9166,0.0801,0.0801,0.0612,52.5564042,-1.4582031999999998,199.34799999998557
94.42,-2.4334,0.1794,10.2444,-0.0167,-0.0167,-0.0309,52.5563949,-1.4582091,199.415999999999
94.52,-1.228,0.3501,9.5444,-0.0375,-0.0375,0.017,52.5563859,-1.4582155,199.939
94.62,-2.0857,0.5483,10.0907,-0.0039,-0.0039,0.0479,52.5563766,-1.4582216,199.9430000000089
94.72,-1.9132,-0.0309,10.6944,-0.0331,-0.0331,-0.0149,52.5563678,-1.4582283000000003,200.55000000013865
94.819,-0.9759,0.8238,9.9881,-0.0498,-0.0498,0.0677,52.556362355000005,-1.4582427539999996,205.2614099998646
94.921,-0.8721,1.0273,9.9266,0.0633,0.0633,-0.1155,52.556355527,-1.4582514589999998,206.29243000000653
95.02,-0.7044,0.2669,9.97,-0.0274,-0.0274,0.0168,52.5563483,-1.4582573,205.84
95.12,-1.4364,1.1466,9.9498,0.0187,0.0187,-0.0697,52.556339900000005,-1.4582636,205.56500000000642
95.22,-2.3911,0.4296,10.4142,-0.065,-0.065,-0.0849,52.5563322,-1.4582704,206.0039999999436
95.319,-2.0893,0.1323,10.2353,-0.0059,-0.0059,0.0648,52.556326458,-1.45827337,204.0873600000551
95.42,-1.5991,-0.3678,10.3636,0.0736,0.0736,-0.0214,52.556319,-1.4582784999999998,203.40400000000963
95.52,-0.9181,-0.1098,10.3147,-0.0572,-0.0572,0.009,52.5563111,-1.4582836,202.487
95.62,-0.0062,-0.2116,10.7818,0.0986,0.0986,-0.1114,52.5563031,-1.4582892,202.76099999999389
95.72,-0.3984,0.745,10.2358,-0.0506,-0.0506,0.0798,52.556295,-1.4582946000000003,202.3429999999885
95.821,0.1761,0.3304,11.7048,-0.0239,-0.0239,-0.0482,52.556286618,-1.4583002589999998,201.95555999998103
95.92,3.2369,-0.0385,11.0347,-0.035,-0.035,0.3374,52.5562785,-1.4583061000000002,202.60499999999047
96.02,2.1343,0.2857,10.2702,-0.095,-0.095,0.3181,52.5562702,-1.4583117,202.05
96.12,0.1019,-0.2514,9.5094,0.1425,0.1425,-0.2727,52.5562619,-1.4583176000000002,202.8289999999878
96.22,-5.1915,-2.6357,9.988,-0.1779,-0.1779,-0.4615,52.5562535,-1.4583232000000002,201.99400000003365
96.32,1.3008,-1.7215,10.1115,-0.0305,-0.0305,0.3176,52.5562453,-1.4583289999999998,203.14799999996637
96.42,4.262,1.5419,9.366,0.0093,0.0093,0.2496,52.556237200000005,-1.4583349,203.3339999999973
96.52,4.6604,2.1129,9.731,-0.0082,-0.0082,0.0354,52.5562288,-1.4583405,202.978
96.62,-2.4373,-1.1307,9.709,-0.0394,-0.0394,-0.1399,52.5562207,-1.4583462,203.24300000000164
96.72,-4.0208,-0.7636,9.589,-0.0242,-0.0242,-0.0959,52.5562125,-1.4583520000000003,203.35499999998257
96.82,2.4818,0.6108,9.1179,-0.1337,-0.1337,0.1372,52.5562044,-1.4583575999999998,202.75700000001743
96.919,2.927,2.3474,9.0398,0.0923,0.0923,0.2044,52.55619648,-1.4583632429999998,203.34505999999126
97.019,2.5832,0.4902,9.5243,0.0193,0.0193,0.028,52.55618848,-1.458368844,203.02529
97.119,1.6306,0.1293,9.6611,-0.0034,-0.0034,-0.1379,52.55618048,-1.4583742459999998,203.02992000000012
97.22,0.4508,-0.6414,10.4022,-0.0104,-0.0104,-0.1238,52.5561725,-1.4583798000000001,203.26900000000538
97.32,1.6027,0.2263,9.7648,-0.0341,-0.0341,-0.0737,52.5561647,-1.4583850999999999,203.45299999999463
97.42,5.4443,1.0416,9.2833,0.007,0.007,0.0097,52.556157,-1.4583905,203.48199999999957
97.52,5.3459,2.333,9.2388,-0.0545,-0.0545,0.197,52.5561493,-1.4583958,202.594
97.62,-1.3006,0.3856,10.3659,0.008,0.008,0.0258,52.5561417,-1.4584009999999998,202.6129999999915
97.72,-0.6496,0.8972,10.4121,-0.0469,-0.0469,-0.1972,52.5561342,-1.4584061000000001,202.03199999998878
97.82,3.0959,1.12,9.0058,-0.0379,-0.0379,-0.1914,52.5561266,-1.4584110999999997,201.64700000001122
97.919,3.9838,0.2297,9.7517,0.0233,0.0233,0.2597,52.556119274,-1.45841605,201.90142999999622
98.019,1.894,0.2123,9.695,0.0623,0.0623,0.0767,52.556111873999996,-1.458420852,201.89212
98.119,-1.1093,-0.1142,10.259,-0.1182,-0.1182,-0.1979,52.556104375000004,-1.4584254540000001,201.22275999999025
98.224,0.7693,1.061,9.8962,-0.0693,-0.0693,-0.0761,52.556096812,-1.458430488,202.09919999999278
98.319,2.2551,1.6641,10.0233,-0.0297,-0.0297,-0.1224,52.556089972,-1.4584349529999998,201.84270000000768
98.42,1.8423,0.6905,9.9165,0.0741,0.0741,0.0233,52.5560826,-1.4584394,201.25800000000845
98.52,2.2298,0.305,9.0648,-0.0363,-0.0363,-0.0815,52.55607539999999,-1.4584438000000002,200.758
98.62,-1.1489,0.0217,9.8384,-0.0104,-0.0104,-0.0696,52.5560683,-1.4584484000000002,201.84099999999665
98.72,-1.9106,-0.0566,10.2122,0.0822,0.0822,0.0468,52.5560614,-1.4584529000000002,201.6119999999975
98.82,1.2095,1.4382,9.657,0.0705,0.0705,0.1135,52.5560545,-1.4584572999999996,201.5260000000025
98.92,1.4944,0.9042,9.9506,0.0437,0.0437,-0.1542,52.55604759999999,-1.4584616,201.7139999999973
99.021,1.747,0.5342,9.9153,-0.0024,-0.0024,-0.1063,52.556040630999995,-1.4584663460000002,202.27758999999992
99.12,-1.8745,0.7288,8.6624,-0.0401,-0.0401,-0.1226,52.5560338,-1.4584709000000002,201.84100000000007
99.22,-0.2896,0.3939,8.3466,-0.146,-0.146,0.2188,52.55602710000001,-1.4584754000000002,201.84500000001836
99.32,2.0601,1.0026,8.477,0.0084,0.0084,0.0887,52.5560205,-1.4584798999999997,202.47499999998163
99.42,0.9471,3.2911,9.9972,-0.0802,-0.0802,-0.0721,52.5560139,-1.4584844,202.36800000000156
99.52,1.2336,1.8994,9.772,-0.0472,-0.0472,-0.1329,52.5560074,-1.4584888,202.686
99.62,1.7887,0.5332,9.5128,0.0421,0.0421,0.1007,52.5560008,-1.4584932,202.20500000000828
99.72,2.7741,1.9472,9.3099,0.0937,0.0937,0.1665,52.5559943,-1.4584977000000001,202.77099999998785
99.82,0.7877,1.7844,9.5781,0.06,0.06,0.0846,52.5559879,-1.4585019999999997,202.35400000001215
99.92,-2.6896,0.4135,9.0016,-0.0866,-0.0866,-0.0315,52.5559817,-1.4585062,202.44599999999866
100.02,-2.5978,0.5276,9.5071,0.049,0.049,-0.1385,52.5559756,-1.4585103,202.884
100.12,0.1353,1.7722,9.0939,0.2183,0.2183,0.0487,52.5559697,-1.4585145,203.5049999999822
100.22,1.1784,1.9004,9.0405,-0.1021,-0.1021,0.0582,52.5559637,-1.4585184000000002,202.28900000001482
100.32,0.1459,-0.5274,9.1698,0.0206,0.0206,-0.1094,52.555958,-1.4585223999999999,202.79799999998517
100.42,-1.4528,-0.1167,9.2507,0.0572,0.0572,-0.201,52.5559524,-1.4585263,202.48200000000458
100.52,-1.2196,0.2347,10.2096,0.0172,0.0172,0.1136,52.555947,-1.45853,202.543
100.62,1.483,0.2705,10.1877,0.0391,0.0391,0.0087,52.5559415,-1.4585338,202.316999999998
100.72,0.9132,1.4068,9.6214,-0.0223,-0.0223,0.0449,52.555936,-1.4585374999999998,202.1799999999891
100.82,0.1047,0.5031,9.8931,0.0253,0.0253,-0.1995,52.5559305,-1.4585411,201.80500000001092
100.92,-1.5972,-0.7529,9.9804,-0.0149,-0.0149,-0.0452,52.5559251,-1.4585448,202.0949999999958
101.02,2.1223,0.3345,9.0831,0.096,0.096,0.1377,52.5559197,-1.4585483,201.649
101.12,3.0823,-0.8638,10.0634,0.0137,0.0137,0.0374,52.5559143,-1.4585517,201.45399999999674
101.22,1.5503,-0.7737,9.6239,0.0716,0.0716,-0.184,52.5559091,-1.4585552,201.23099999999366
101.32,-1.9035,-1.9711,9.7986,0.1476,0.1476,-0.043,52.5559037,-1.4585586,201.01300000000634
101.42,-2.4548,-0.1536,10.422,0.0352,0.0352,0.1877,52.5558984,-1.4585621000000002,201.36999999999483
101.52,0.6803,1.206,9.9153,-0.0395,-0.0395,0.1589,52.5558929,-1.4585654,200.365
101.62,1.5333,0.5828,9.6485,0.0001,0.0001,-0.1366,52.5558875,-1.4585688,200.7089999999991
101.719,-0.1376,0.5856,10.4936,-0.0684,-0.0684,-0.1351,52.555882153999995,-1.4585720670000002,200.6476199999982
101.82,-0.4165,-2.1412,9.9388,0.1209,0.1209,-0.0783,52.5558765,-1.4585756,200.4660000000053
101.92,0.383,-0.7667,10.1753,-0.0048,-0.0048,0.1617,52.5558708,-1.458579,200.14700000000462
102.02,2.1883,-1.0199,9.6547,0.0168,0.0168,0.1198,52.555865,-1.4585826000000002,200.289
102.12,2.7418,0.329,8.7574,-0.0883,-0.0883,-0.007,52.5558592,-1.4585861999999998,200.19499999999655
102.22,-1.4923,-1.2243,9.3372,-0.0158,-0.0158,-0.2132,52.5558531,-1.4585898,199.9599999999997
102.32,-2.3992,-1.9379,9.8501,-0.0443,-0.0443,-0.1029,52.555847,-1.4585933,199.94900000000032
102.42,0.0839,-1.1003,9.4134,-0.0616,-0.0616,0.3406,52.555840800000006,-1.4585971,200.10899999999768
102.52,3.531,0.5145,9.4573,-0.1055,-0.1055,0.1796,52.5558344,-1.4586009,200.259
102.62,0.2424,-0.7364,8.8125,-0.1343,-0.1343,-0.1457,52.555828000000005,-1.4586048,199.72200000000907
102.72,-0.4244,-0.4647,8.6947,0.0813,0.0813,-0.0933,52.55582149999999,-1.4586088000000001,200.3409999999886
102.82,-0.5181,-0.871,9.2963,-0.1205,-0.1205,-0.0774,52.5558148,-1.4586127999999998,199.95000000001139
102.92,0.7607,-0.8955,9.1621,-0.0633,-0.0633,0.0979,52.5558082,-1.4586168,200.12999999999738
103.02,3.5173,0.6468,8.3757,-0.0536,-0.0536,0.021,52.5558014,-1.4586209,199.98
103.12,4.1417,0.6409,8.69,-0.1179,-0.1179,0.1142,52.555794500000005,-1.4586249,199.86500000000714
103.22,-3.4769,-2.6221,9.9846,0.0435,0.0435,0.1556,52.5557877,-1.4586290000000002,200.3519999999823
103.32,-3.1648,-2.9901,9.8368,0.0036,0.0036,0.3096,52.5557809,-1.4586330999999997,199.74400000001773
103.42,4.6309,0.2678,8.8427,-0.1044,-0.1044,0.1385,52.5557741,-1.4586372,200.27799999999226
103.52,6.1876,-0.2513,8.5374,-0.1092,-0.1092,-0.4013,52.55576740000001,-1.4586413,200.202
103.62,1.3451,-1.4916,9.0908,-0.1596,-0.1596,-0.1772,52.5557606,-1.4586452,199.90200000000004
103.72,-5.257,-4.627,9.7875,-0.0589,-0.0589,0.3174,52.55575399999999,-1.4586492000000002,199.9060000000023
103.82,-0.1204,-2.0226,9.2899,0.0831,0.0831,0.487,52.5557474,-1.4586530999999998,199.9849999999977
103.92,4.4632,-0.2009,8.2421,-0.0464,-0.0464,-0.4457,52.5557407,-1.4586571,200.03399999999928
104.02,4.8136,-0.1802,9.3166,-0.1013,-0.1013,-0.2686,52.5557339,-1.458661,199.44
104.12,3.139,1.1503,9.3776,-0.0963,-0.0963,-0.0266,52.5557272,-1.4586651000000002,200.0649999999996
104.22,-2.2819,-2.1284,10.963,0.0366,0.0366,-0.0272,52.5557206,-1.4586690000000002,200.03799999999424
104.32,-2.2146,-0.8085,10.6906,0.1094,0.1094,0.1233,52.5557137,-1.4586729999999999,199.84000000000577
104.42,0.1424,-0.1566,10.4356,-0.0623,-0.0623,-0.0929,52.5557069,-1.4586771,200.118999999996
104.52,2.157,0.6697,10.0757,-0.062,-0.062,-0.134,52.5557,-1.4586812,200.061
104.62,-0.2439,-0.9364,10.7549,0.0491,0.0491,-0.1871,52.5556931,-1.4586854,200.0909999999984
104.72,-0.427,-1.568,10.4827,0.0676,0.0676,0.1455,52.555686,-1.4586896000000003,199.98000000000187
104.819,0.3867,-0.6144,9.7675,0.0789,0.0789,0.1705,52.555678971,-1.458693758,200.0433599999982
104.92,3.4261,0.7064,8.4642,-0.0422,-0.0422,0.165,52.5556718,-1.4586980000000005,199.90900000000195
105.02,0.433,-0.0694,9.8698,-0.0764,-0.0764,-0.0368,52.5556646,-1.4587023,200.109
105.12,0.5439,-1.5294,10.0418,-0.111,-0.111,-0.0807,52.5556574,-1.4587066,199.89900000000713
105.22,-1.4388,-1.3725,9.9819,0.0538,0.0538,0.0799,52.5556502,-1.4587110000000003,200.38599999999147
105.32,1.9642,-2.291,9.0301,0.0245,0.0245,0.0106,52.5556428,-1.4587153999999998,200.09300000000852
105.42,0.4993,-0.5814,9.6976,0.0486,0.0486,0.0052,52.5556354,-1.4587196999999998,199.6330000000067
105.52,1.7659,-0.0988,9.7214,0.0614,0.0614,-0.0181,52.5556281,-1.4587242,200.232
105.62,2.6671,0.1458,9.14,0.065,0.065,0.1408,52.5556207,-1.4587286999999998,200.3179999999941
105.72,-0.5182,-0.3623,9.8124,-0.0027,-0.0027,0.0185,52.5556132,-1.4587331000000001,199.91400000001371
105.82,-0.9725,-0.5754,9.5716,-0.0332,-0.0332,0.0251,52.5556058,-1.4587375999999999,200.38499999998626
105.92,-1.3714,-0.71,9.7605,0.0146,0.0146,-0.0287,52.55559830000001,-1.4587423000000002,200.76099999999454
106.02,2.9039,1.2142,9.9559,0.019,0.019,-0.1815,52.55559100000001,-1.4587467,200.203
106.12,0.9624,0.9389,11.9333,0.0359,0.0359,0.1933,52.55558369999999,-1.4587513,200.73100000001114
106.22,0.9013,-1.5778,12.2125,0.1596,0.1596,0.0537,52.5555764,-1.4587560000000002,201.4929999999901
106.32,-0.6887,-0.4585,12.4831,0.2517,0.2517,-0.2063,52.5555691,-1.4587606999999998,201.1530000000099
106.42,-0.8335,-1.9629,12.1706,0.1883,0.1883,0.1237,52.5555619,-1.4587654,201.81899999999033
106.52,-1.0341,0.1536,12.5163,0.3358,0.3358,0.1341,52.5555547,-1.4587704,202.655
106.62,3.4877,0.6063,10.7992,0.1349,0.1349,0.3962,52.5555475,-1.4587751000000002,202.17200000000548
106.72,-0.1157,0.4011,9.9196,0.0598,0.0598,-0.1526,52.5555405,-1.4587800000000002,202.54700000000153
106.82,-4.7538,-0.9101,12.0615,-0.0592,-0.0592,-0.4525,52.5555336,-1.4587846999999996,202.59999999999846
106.92,1.1594,0.8376,10.1829,-0.0303,-0.0303,0.1275,52.5555267,-1.4587896,203.2689999999903
107.02,1.7174,2.342,10.4908,0.1199,0.1199,-0.1789,52.55551990000001,-1.4587947,204.37
107.12,-3.4529,1.5147,10.5208,0.0206,0.0206,-0.2505,52.5555131,-1.4587997,204.69400000001684
107.22,-0.356,1.1445,10.9411,0.0737,0.0737,0.0125,52.55550649999999,-1.4588049,205.84500000002592
107.32,2.4841,0.0728,10.7297,0.111,0.111,0.0727,52.5555,-1.4588101999999996,206.7349999999741
107.42,3.0012,2.2294,11.3201,0.0034,0.0034,0.2761,52.5554935,-1.4588153,206.10900000000908
107.52,-2.8006,-0.8211,11.5405,0.0524,0.0524,-0.0919,52.5554869,-1.4588205,206.08
107.62,-1.7126,1.3909,11.2263,0.0542,0.0542,-0.1363,52.5554805,-1.4588255,206.31700000000606
107.72,-0.921,1.8218,10.8028,0.0596,0.0596,-0.0013,52.5554742,-1.4588304000000003,206.7300000000189
107.82,3.1683,2.0354,9.8573,0.149,0.149,0.1359,52.5554679,-1.4588353999999997,207.3789999999811
107.92,1.9315,2.2467,10.769,0.0826,0.0826,-0.1381,52.5554617,-1.4588402,207.50099999999824
108.021,1.0384,-0.2624,10.7285,0.1113,0.1113,-0.1137,52.555455541,-1.458845252,207.87656000000018
108.122,0.3056,-2.2825,10.754,-0.0755,-0.0755,0.0649,52.555449583999994,-1.458850498,208.82402000000076
108.22,1.2883,1.989,8.7333,-0.0555,-0.0555,-0.1355,52.5554439,-1.4588553000000002,208.87400000000753
108.32,-0.7791,1.8398,9.2539,-0.0871,-0.0871,-0.0783,52.555438200000005,-1.4588603,209.13299999999248
108.42,-0.5897,0.8023,8.4383,-0.0471,-0.0471,0.1116,52.5554326,-1.4588651,209.42499999999578
108.52,1.4822,2.304,9.6842,0.102,0.102,0.0856,52.5554273,-1.4588698999999998,209.817
108.62,0.8455,3.7832,10.7585,0.0025,0.0025,-0.2748,52.555422,-1.4588745,209.543000000003
108.72,2.0547,2.6485,11.1911,-0.1352,-0.1352,0.3409,52.555417,-1.4588791000000003,209.74600000000135
108.819,1.6099,-2.368,11.364,0.2492,0.2492,0.0415,52.555412049999994,-1.4588835549999999,209.7915399999987
108.92,1.717,-0.2753,10.4616,0.1437,0.1437,-0.0673,52.5554075,-1.4588879,210.77499999998577
109.02,1.6579,-0.7219,10.5006,-0.0714,-0.0714,0.1738,52.5554029,-1.458892,209.766
109.12,2.0792,0.9984,10.1855,0.0529,0.0529,-0.2624,52.5553986,-1.458896,209.84000000001845
109.22,2.9383,1.1883,10.1236,-0.0005,-0.0005,-0.045,52.5553946,-1.4588998999999998,211.09999999998368
109.32,-0.2318,-1.283,10.5469,0.1164,0.1164,-0.1289,52.555390800000005,-1.4589035,210.5400000000163
109.42,-1.0334,1.4879,10.5331,-0.1384,-0.1384,-0.1197,52.5553873,-1.4589071,211.86199999998084
109.52,1.4452,0.633,9.8057,-0.0964,-0.0964,-0.1276,52.5553839,-1.4589103,211.112
109.62,1.3582,0.9966,9.2674,0.076,0.076,0.1415,52.5553808,-1.4589132000000002,211.07500000000016
109.719,1.0723,2.2636,9.9028,0.003,0.003,-0.0313,52.55537802800001,-1.458915873,211.08589000000032
109.82,3.2597,-0.4086,9.3196,-0.138,-0.138,-0.2284,52.5553754,-1.4589186,211.1039999999995
109.92,-0.7052,1.7017,9.8458,0.0411,0.0411,0.0474,52.5553731,-1.4589209,211.4349999999952
110.021,-0.5608,0.1684,10.58,-0.0752,-0.0752,-0.0387,52.55537097900001,-1.458923121,211.96833999999998
110.12,1.4739,-1.1302,9.3292,0.2281,0.2281,-0.0783,52.5553689,-1.4589252,211.90300000000846
110.22,-0.2068,-0.0393,10.442,0.0431,0.0431,0.0042,52.5553669,-1.4589273,212.48199999997564
110.32,1.0365,3.2221,10.643,-0.1539,-0.1539,0.1387,52.555365,-1.458929,211.64600000002434
110.42,1.0565,2.4805,10.2161,-0.0627,-0.0627,0.004,52.55536300000001,-1.4589311,212.28999999999067
110.52,0.303,2.4792,10.7879,-0.1507,-0.1507,0.0015,52.5553612,-1.4589329,212.43
110.62,-1.184,1.4846,10.0253,-0.0473,-0.0473,0.2017,52.5553595,-1.4589348000000002,213.42200000001873
110.72,-1.6958,0.6117,9.9543,0.0141,0.0141,-0.0615,52.555358,-1.4589367,214.70199999999406
110.82,-2.7295,0.3548,10.4275,-0.0397,-0.0397,-0.1364,52.5553564,-1.4589385,214.49800000000593
110.92,-1.3515,1.99,9.9327,-0.0279,-0.0279,0.1281,52.5553548,-1.4589401,213.45400000001513
111.02,-0.238,2.7078,9.3895,-0.0767,-0.0767,0.1095,52.5553535,-1.4589417,212.571
111.12,-2.6961,1.022,9.73,0.0204,0.0204,-0.1357,52.555352,-1.458943,211.39400000002428
111.22,2.3648,2.2107,9.1319,-0.059,-0.059,0.0654,52.55535080000001,-1.4589444,213.05199999994178
111.32,4.44,2.586,8.8292,-0.0769,-0.0769,0.3069,52.5553495,-1.4589455,211.0540000000582
111.42,0.386,1.3364,9.1468,-0.1958,-0.1958,-0.2653,52.55534839999999,-1.4589467,211.68699999999083
111.52,-3.5544,0.8186,8.8991,-0.0886,-0.0886,-0.3069,52.5553473,-1.4589477,210.39
111.619,-4.6301,-0.5627,9.4322,-0.1369,-0.1369,0.1091,52.55534631,-1.458948987,213.6589800000477
111.72,0.2136,1.6482,8.8858,-0.0575,-0.0575,0.2883,52.5553453,-1.4589499,211.8410000001039
111.82,1.6282,1.6567,8.3503,-0.0613,-0.0613,-0.1247,52.5553445,-1.4589509,215.40699999989613
111.92,-0.6567,1.1313,9.3105,-0.0827,-0.0827,0.0954,52.5553436,-1.4589515000000002,210.20200000007546
112.021,0.0022,1.5928,8.2844,0.0884,0.0884,0.0272,52.555342895,-1.458952005,208.80220999999997
112.12,-0.0951,1.4541,7.9584,0.0042,0.0042,0.0234,52.5553424,-1.4589525,208.72399999993783
112.22,-4.8763,-0.7676,8.1334,-0.1329,-0.1329,-0.2762,52.5553419,-1.4589529,204.47800000012586
112.32,2.205,3.2016,8.2388,-0.3007,-0.3007,-0.2863,52.5553414,-1.4589535,208.79799999987415
112.42,1.7904,2.9619,10.5341,-0.1973,-0.1973,-0.1168,52.5553409,-1.4589542,213.7989999999275
112.52,-3.9143,-0.3408,9.783,-0.07,-0.07,-0.1892,52.5553404,-1.458955,216.354
112.623,-1.463,1.5592,9.0303,-0.0397,-0.0397,0.1993,52.555339681999996,-1.4589559300000001,219.29456999998823
112.72,2.5407,1.0233,10.1012,-0.0553,-0.0553,0.2705,52.5553391,-1.4589569,218.53699999981927
112.82,1.3365,1.7369,9.5787,-0.0621,-0.0621,-0.0587,52.55533820000001,-1.4589576000000002,212.33300000018073
112.92,-1.4199,1.1013,9.9682,-0.1199,-0.1199,-0.1965,52.5553376,-1.4589585,212.92899999999136
113.02,-4.2297,0.2069,10.1755,0.0616,0.0616,0.0686,52.55533679999999,-1.4589594,214.314
113.12,-1.4364,-0.2746,10.0526,0.0942,0.0942,0.1885,52.5553358,-1.4589603000000002,211.20400000003255
113.22,3.8452,1.9094,9.0489,0.1058,0.1058,0.1358,52.555335,-1.4589612,213.42699999999752
113.32,1.0468,0.6817,9.6132,0.0348,0.0348,0.0988,52.555334,-1.4589621999999998,213.34200000000249
113.42,-1.7158,-0.4018,10.5199,-0.1321,-0.1321,-0.1063,52.5553331,-1.4589634000000002,215.16399999997358
113.52,-1.5141,1.4682,9.7416,-0.0836,-0.0836,-0.0144,52.555332,-1.4589642,210.31
113.62,-0.0005,0.5337,9.6841,0.0615,0.0615,0.1268,52.5553309,-1.4589653,211.1010000000059
113.721,1.0833,1.0865,10.0424,-0.0101,-0.0101,0.1025,52.555329891,-1.45896631,211.49700999997714
113.82,0.0252,1.6657,10.6511,0.0233,0.0233,-0.0999,52.555329,-1.4589673,210.70600000002327
113.92,-0.6363,1.6288,10.6312,-0.082,-0.082,-0.0124,52.5553282,-1.4589684,213.38599999996114
114.02,-0.5002,1.2083,9.906,-0.0348,-0.0348,0.002,52.5553273,-1.4589692,212.505
114.12,-0.7077,0.6102,9.9611,0.0192,0.0192,0.0282,52.5553267,-1.45897,212.88799999999083
114.22,-0.9297,0.618,10.1376,-0.0094,-0.0094,-0.0204,52.5553261,-1.4589707000000005,212.25999999997487
114.319,1.7572,-0.6609,9.5271,0.0514,0.0514,-0.0616,52.555325605,-1.4589712940000001,211.40662000002453
114.42,0.2112,-0.1051,10.0701,0.0674,0.0674,0.0707,52.5553252,-1.4589718,213.328999999972
114.52,-0.5856,-0.6584,9.9985,0.0181,0.0181,0.0599,52.5553248,-1.4589721,211.557
114.62,1.6779,0.5692,9.6767,0.0513,0.0513,0.0655,52.5553247,-1.4589721,208.93400000000003
114.72,1.3217,1.0493,9.6047,-0.0223,-0.0223,0.1485,52.5553247,-1.4589722,208.93400000000003
114.82,-1.1834,0.9693,10.2022,-0.0221,-0.0221,-0.106,52.5553248,-1.4589721,208.93400000000003
114.92,-1.3907,0.7284,9.9556,-0.0452,-0.0452,-0.145,52.5553249,-1.458972,208.93400000000003
115.019,-0.1813,0.1283,9.9645,0.0089,0.0089,-0.1411,52.55532499900001,-1.4589719010000002,208.93400000000003
115.119,1.1886,-0.0658,9.6373,0.0205,0.0205,0.0878,52.555325099,-1.4589719,208.93400000000003
115.219,0.0072,0.1866,9.4257,-0.0324,-0.0324,-0.0266,52.5553251,-1.458971702,208.93400000000003
115.32,0.2881,0.2376,10.0396,0.0778,0.0778,0.09,52.5553251,-1.4589716,208.93400000000003
115.419,0.7166,-0.9355,9.8228,-0.0224,-0.0224,-0.0222,52.555325001,-1.4589715010000002,208.93400000000003
115.519,1.259,-1.513,9.5232,-0.0272,-0.0272,-0.0138,52.555325,-1.458971401,208.93400000000003
115.62,1.5718,-3.5545,9.4998,-0.0453,-0.0453,-0.0523,52.5553249,-1.4589713000000002,208.93400000000003
115.72,1.9714,-4.1957,9.3384,-0.0158,-0.0158,0.0144,52.5553248,-1.4589713000000002,208.93400000000003
115.82,2.2841,-3.9759,9.2323,0.0101,0.0101,0.0975,52.5553247,-1.4589712,208.93400000000003
115.928,-0.3694,-5.5478,9.6044,-0.0137,-0.0137,0.1803,52.5553246,-1.458971092,208.93400000000003
116.02,0.6851,-5.0759,9.3476,-0.0608,-0.0608,0.0875,52.5553246,-1.4589709999999998,208.93400000000003
116.12,2.1017,-3.2245,9.7767,-0.0972,-0.0972,-0.023,52.5553245,-1.4589709000000002,208.93400000000003
116.22,0.514,1.4436,9.9947,-0.062,-0.062,-0.0892,52.5553244,-1.4589709000000002,208.93400000000003
116.32,0.2025,-0.352,10.3408,0.0691,0.0691,0.1011,52.5553244,-1.4589708,208.93400000000003
116.42,-0.061,-4.1462,10.083,0.0354,0.0354,0.0885,52.5553243,-1.4589708,208.93400000000003
116.52,0.4449,-0.2504,10.6188,-0.0381,-0.0381,0.0903,52.5553242,-1.4589708,208.93400000000003
116.62,3.0194,-1.7065,9.8166,0.0425,0.0425,-0.1355,52.5553242,-1.4589707000000005,208.93400000000003
116.72,0.7657,-1.0492,9.7771,-0.0049,-0.0049,-0.0575,52.5553241,-1.4589707000000005,208.93400000000003
116.82,0.1229,-1.687,10.5586,-0.0546,-0.0546,-0.031,52.555324,-1.4589705,208.93400000000003
116.92,0.5542,-1.2362,9.6536,0.0131,0.0131,0.0042,52.5553238,-1.4589703,208.93400000000003
117.02,0.825,0.8476,9.9276,0.0781,0.0781,0.1105,52.5553237,-1.4589703,208.93400000000003
117.12,0.6228,-0.4212,10.0888,0.0518,0.0518,-0.055,52.5553236,-1.4589702,208.93400000000003
117.22,0.2208,-0.9465,10.1448,-0.1291,-0.1291,-0.0649,52.5553235,-1.4589701,208.93400000000003
117.32,1.8716,0.2749,11.1925,-0.0321,-0.0321,-0.1533,52.5553234,-1.45897,208.93400000000003
117.42,-0.1795,0.5955,10.6186,0.0714,0.0714,0.0698,52.555323300000005,-1.4589698999999998,208.93400000000003
117.52,-0.795,-0.5316,10.7117,-0.0163,-0.0163,-0.0968,52.5553232,-1.4589698999999998,208.93400000000003
117.62,3.7218,-1.0742,10.4498,0.1823,0.1823,-0.0804,52.5553231,-1.4589698,208.93400000000003
117.719,-0.5206,-2.2811,9.3623,-0.0623,-0.0623,-0.1259,52.5553231,-1.458969701,208.93400000000003
117.82,-1.1945,-2.3292,9.8235,-0.0727,-0.0727,0.0785,52.555323,-1.4589697,208.93400000000003
117.92,1.0415,0.8315,9.8358,0.0089,0.0089,0.1937,52.55532289999999,-1.4589696,208.93400000000003
118.02,2.02,0.7381,9.89,0.0958,0.0958,0.0924,52.5553228,-1.4589694999999998,208.93400000000003
118.12,0.9248,0.0664,9.6818,0.0828,0.0828,-0.1678,52.555322700000005,-1.4589694999999998,208.93400000000003
118.22,1.9101,-0.1489,9.3876,-0.0534,-0.0534,-0.0345,52.5553226,-1.4589693,208.93400000000003
118.32,0.5968,-2.0346,9.6532,-0.0315,-0.0315,0.0485,52.5553225,-1.4589693,208.93400000000003
118.42,0.2076,-3.793,10.3316,0.0209,0.0209,0.0633,52.5553224,-1.4589692,208.93400000000003
118.52,2.1929,-2.3326,9.4247,0.0178,0.0178,0.1153,52.5553224,-1.4589692,208.93400000000003
118.619,2.2599,-2.0397,9.8724,0.0446,0.0446,-0.0913,52.55532230099999,-1.4589692,208.93400000000003
118.72,0.8877,-1.2743,10.0991,0.0067,0.0067,-0.0213,52.5553222,-1.4589691,208.93400000000003
118.82,0.1499,-0.2021,10.4375,-0.0336,-0.0336,0.0776,52.5553222,-1.4589691,208.93400000000003
118.92,0.2627,-0.3616,10.2041,0.0342,0.0342,0.0258,52.555322100000005,-1.458969,208.93400000000003
119.02,0.3435,-1.9851,9.3919,0.0668,0.0668,-0.147,52.555322,-1.458969,208.93400000000003
119.12,1.3952,-0.3556,9.2131,-0.0808,-0.0808,0.1072,52.555322,-1.458969,208.93400000000003
119.22,0.8092,-0.1757,9.1954,0.0783,0.0783,0.1253,52.5553219,-1.4589689,208.93400000000003
119.319,-1.5652,-1.8535,10.2314,0.1156,0.1156,0.2135,52.555321801,-1.4589689,208.93400000000003
119.42,-2.1473,-1.2135,9.7152,-0.0413,-0.0413,-0.1163,52.5553217,-1.4589689,208.93400000000003
119.52,1.1255,-0.5621,9.3799,-0.1445,-0.1445,-0.1563,52.5553217,-1.4589688,208.93400000000003
119.62,1.7632,0.1707,9.4386,-0.0473,-0.0473,-0.1088,52.5553216,-1.4589688,208.93400000000003
119.72,0.5665,0.0138,9.6352,-0.056,-0.056,0.0653,52.5553215,-1.4589688,208.93400000000003
119.82,-3.8881,-1.1745,10.8832,0.0365,0.0365,0.149,52.5553215,-1.4589688,208.93400000000003
119.92,-2.092,-1.1062,10.2833,0.062,0.062,-0.026,52.5553214,-1.4589688,208.93400000000003
120.019,2.669,0.1474,9.0753,-0.0319,-0.0319,-0.1824,52.5553214,-1.4589688,208.93400000000003
120.12,-0.3095,-0.4503,9.2427,0.0099,0.0099,-0.0267,52.5553213,-1.4589688,208.93400000000003
120.219,-2.0718,-0.9096,9.2731,0.0243,0.0243,0.0973,52.5553213,-1.4589688,208.93400000000003
120.32,-2.3956,-0.2563,9.7526,-0.0082,-0.0082,0.1557,52.5553212,-1.4589688,208.93400000000003
120.42,0.2113,1.3542,10.1153,-0.0263,-0.0263,0.0997,52.5553212,-1.4589688,208.93400000000003
120.52,2.6622,1.8193,9.8869,-0.0033,-0.0033,-0.173,52.5553211,-1.4589688,208.93400000000003
120.62,-1.1426,0.0977,10.044,0.0655,0.0655,-0.1301,52.5553211,-1.4589688,208.93400000000003
120.72,-3.9293,-2.0755,10.0658,0.1022,0.1022,0.0433,52.5553211,-1.4589688,208.93400000000003
120.82,-1.227,-0.6025,9.7518,0.0072,0.0072,0.1715,52.555321000000006,-1.4589688,208.93400000000003
120.919,1.0986,1.5404,9.3805,-0.0118,-0.0118,0.1858,52.555321099000004,-1.4589688,208.93400000000003
121.02,-0.3386,-0.2424,9.6047,0.0565,0.0565,-0.022,52.5553211,-1.4589688,208.93400000000003
121.12,-2.1959,-0.1816,9.574,0.0485,0.0485,-0.1179,52.5553211,-1.4589688,208.93400000000003
121.22,-1.0048,0.5765,9.5113,-0.0124,-0.0124,0.0899,52.5553211,-1.4589688,208.93400000000003
121.32,-1.315,0.56,9.779,0.0183,0.0183,0.0116,52.5553211,-1.4589688,208.93400000000003
121.42,0.7534,0.9732,9.8894,0.0253,0.0253,-0.0692,52.555321000000006,-1.4589688,208.93400000000003
121.52,0.2711,0.6941,9.4451,0.0524,0.0524,-0.0041,52.555321000000006,-1.458969,208.93400000000003
121.619,-1.5599,-0.3317,9.7562,0.0039,0.0039,-0.0114,52.555320802,-1.458969099,208.93400000000003
121.719,-1.0414,0.3745,9.7285,-0.0596,-0.0596,0.0089,52.5553208,-1.458969199,208.93400000000003
121.82,0.8509,2.4709,8.9409,-0.0291,-0.0291,0.1447,52.5553206,-1.4589693,208.93400000000003
121.92,0.2647,1.0311,9.4149,-0.0215,-0.0215,-0.1548,52.5553205,-1.4589694999999998,221.88899999981223
122.02,0.3112,0.4244,9.8163,-0.0542,-0.0542,-0.0213,52.5553203,-1.4589697,213.792
122.12,-0.6146,0.8023,10.414,-0.0027,-0.0027,0.0196,52.5553201,-1.4589698999999998,210.66499999996142
122.22,-0.2071,1.7488,10.3638,0.0399,0.0399,-0.0576,52.5553199,-1.4589702,208.03100000009294
122.32,-0.9182,1.2494,9.5939,-0.0031,-0.0031,-0.0312,52.5553196,-1.4589705,211.22099999990706
122.42,-1.2797,1.4777,9.6347,-0.0171,-0.0171,0.0796,52.5553192,-1.4589709000000002,210.11200000001608
122.52,-1.3538,1.3484,9.9219,0.0018,0.0018,0.008,52.5553188,-1.4589713000000002,211.35
122.62,-0.8031,1.6003,10.2431,0.0023,0.0023,0.0363,52.5553183,-1.4589721,215.52800000004197
122.719,0.3647,1.8758,10.0428,-0.0199,-0.0199,-0.0026,52.555317706000004,-1.458972892,218.36633000008297
122.82,-0.0819,2.2926,9.9811,-0.0355,-0.0355,0.0647,52.555317,-1.4589737,217.83900000001623
122.92,-0.8495,2.3356,10.0615,0.004,0.004,-0.0295,52.5553161,-1.4589749,219.356999999978
123.021,-2.1364,2.6993,10.2594,0.0132,0.0132,-0.0535,52.555315188,-1.458976416,221.00279000000006
123.12,-0.8746,1.981,10.2809,-0.0614,-0.0614,-0.0605,52.555314,-1.458978,221.2789999999867
123.22,-0.3426,2.494,9.7105,0.0155,0.0155,-0.046,52.5553128,-1.4589797,220.3699999999693
123.32,0.3483,3.0211,9.9288,-0.0135,-0.0135,0.0539,52.5553115,-1.4589815000000002,219.3160000000307
123.42,-0.1265,2.9942,10.2735,0.0088,0.0088,-0.0036,52.555309900000005,-1.4589833,217.29700000002927
123.519,-0.2326,3.6168,9.7899,-0.033,-0.033,-0.0545,52.555308415,-1.458985379,218.53350999999992
123.62,-1.2724,2.3569,9.8845,0.0014,0.0014,-0.082,52.5553067,-1.4589876000000002,218.13700000000358
123.72,-0.9465,1.3576,9.7246,-0.0008,-0.0008,0.0197,52.5553048,-1.4589901,218.3819999999869
123.82,0.3874,1.4377,9.6958,0.072,0.072,0.0443,52.5553029,-1.4589925,217.9320000000131
123.92,0.9586,-0.0414,9.8184,0.0362,0.0362,-0.019,52.555300800000005,-1.458995,217.0850000000123
124.02,0.353,0.6556,9.6584,-0.0111,-0.0111,-0.0735,52.5552986,-1.4589977,216.847
124.12,0.0592,0.2343,9.7063,0.0194,0.0194,-0.0253,52.5552963,-1.4590004,216.47600000001253
124.22,-1.1786,0.5105,10.0061,-0.0098,-0.0098,0.0617,52.555294,-1.4590034,217.33199999997197
124.32,0.0366,0.9827,9.8423,0.0053,0.0053,0.0437,52.5552915,-1.4590064,216.37000000002803
124.42,0.7024,0.9667,9.6215,0.0252,0.0252,0.0252,52.555289,-1.4590092999999995,215.65000000001044
124.52,0.4565,0.6611,9.6627,-0.0505,-0.0505,-0.043,52.555286300000006,-1.4590123000000002,215.254
124.62,-0.4767,0.8885,9.7957,0.0256,0.0256,0.0345,52.5552836,-1.4590155,215.41200000001655
124.719,-0.6207,0.347,9.6188,-0.0268,-0.0268,0.0532,52.55528092699999,-1.459018866,216.53169000003274
124.82,-0.3687,0.5517,9.6408,-0.0175,-0.0175,0.0486,52.5552781,-1.4590222,214.9340000000469
124.92,0.384,1.1581,9.6867,0.0135,0.0135,-0.0205,52.5552752,-1.4590256,215.63599999998982
125.021,0.3394,1.0641,9.5775,-0.0095,-0.0095,-0.0126,52.555272265999996,-1.4590289360000002,214.1927599999997
125.12,-0.1776,0.8167,9.8001,-0.0267,-0.0267,0.0086,52.5552689,-1.4590325,212.78300000001877
125.22,-0.4352,0.471,10.0929,-0.0003,-0.0003,0.023,52.5552659,-1.459036,214.0660000000157
125.32,0.2382,0.4748,9.9094,-0.0099,-0.0099,-0.0087,52.5552627,-1.4590396999999995,214.6049999999843
125.42,0.6647,0.5062,9.6967,-0.0012,-0.0012,0.0064,52.5552593,-1.4590433,214.40100000000297
125.52,0.4061,0.4982,9.8487,0.0117,0.0117,-0.0087,52.555255800000005,-1.4590471,213.772
125.62,-0.2281,0.6918,10.1989,0.0171,0.0171,-0.0001,52.5552523,-1.4590509,213.94799999998338
125.719,0.6957,1.5444,10.3796,0.0139,0.0139,0.0269,52.555248637,-1.459054662,212.82434999996715
125.819,0.8912,1.5283,10.3266,0.0458,0.0458,0.0582,52.555245036,-1.4590586599999997,213.29512999998616
125.92,-0.8546,-0.1078,9.94,0.0246,0.0246,0.0405,52.555241300000006,-1.4590628,213.93899999999073
126.02,-0.4138,-0.7239,9.2181,0.0337,0.0337,0.0002,52.5552375,-1.4590669,213.426
126.12,-0.0896,-0.8541,9.2576,0.0018,0.0018,-0.0081,52.5552336,-1.4590711,213.5670000000021
126.22,0.4113,-1.3321,9.5147,-0.0051,-0.0051,-0.0151,52.555229700000005,-1.4590754000000001,213.71099999998464
126.32,0.2187,-1.4345,10.0054,-0.0296,-0.0296,-0.1056,52.5552256,-1.4590796999999998,213.18300000001537
126.42,0.2369,-1.46,10.0878,-0.0487,-0.0487,-0.0882,52.5552214,-1.4590841,212.28100000001308
126.524,1.3312,-0.0982,10.3223,-0.0667,-0.0667,-0.1085,52.555217032,-1.459088784,212.9908400000003
126.62,1.3716,-0.4748,10.1008,-0.0111,-0.0111,0.0048,52.555213,-1.4590932,213.4189999999942
126.72,1.0137,-1.014,9.925,0.005,0.005,0.099,52.5552086,-1.4590978000000001,213.02300000000366
126.82,-0.3155,-1.111,9.7582,0.035,0.035,0.0006,52.5552043,-1.4591024999999997,213.14899999999633
126.92,-0.3094,-1.0541,9.8795,-0.0116,-0.0116,-0.0363,52.5551997,-1.4591073,212.97200000000257
127.021,0.4832,-1.1612,9.8448,-0.0135,-0.0135,-0.0563,52.555195155,-1.45911215,213.02181000000002
127.12,1.0826,-0.1971,9.71,-0.0124,-0.0124,-0.0494,52.5551907,-1.4591171,213.10199999999523
127.22,0.6721,-0.639,9.6093,0.0095,0.0095,0.0168,52.555186000000006,-1.4591220000000003,212.77500000000182
127.32,0.198,-0.5325,9.7143,0.0011,0.0011,0.0206,52.5551813,-1.4591269999999996,212.83699999999817
127.42,-0.1754,-0.2244,9.9368,-0.0056,-0.0056,-0.007,52.5551765,-1.4591321000000002,212.66900000000246
127.52,0.2428,-0.403,10.0494,-0.0062,-0.0062,-0.0163,52.5551717,-1.4591371,212.356
127.62,0.3643,0.413,9.957,0.0006,0.0006,-0.0396,52.5551669,-1.4591421999999998,212.21899999999593
127.719,0.1465,0.5106,9.9256,-0.0112,-0.0112,-0.0108,52.555162049,-1.4591471500000002,211.94377999999196
127.82,-0.0305,0.7369,9.8562,-0.0175,-0.0175,0.0159,52.5551571,-1.4591522999999997,212.2359999999914
127.92,-0.0883,0.6512,9.7853,0.0169,0.0169,-0.0023,52.5551522,-1.4591572,211.50100000001066
128.02,0.1388,1.1047,9.8593,-0.0043,-0.0043,-0.0578,52.5551473,-1.4591622,211.687
128.12,0.4141,0.7712,9.8028,-0.0204,-0.0204,0.0001,52.5551424,-1.459167,210.92099999999695
128.22,0.2076,0.9861,9.9045,0.0171,0.0171,-0.0054,52.5551375,-1.4591719000000003,210.71200000001707
128.32,-0.1182,1.2257,10.0236,-0.0383,-0.0383,0.0355,52.55513270000001,-1.4591766999999998,211.30099999998274
128.419,-0.0989,1.4864,9.796,-0.0259,-0.0259,0.0276,52.555127948,-1.459181551,211.20101000000147
128.52,-0.0314,1.0307,9.7629,-0.0182,-0.0182,-0.0066,52.5551229,-1.4591863,210.32
128.62,0.1309,0.0821,9.7934,0.0197,0.0197,0.0106,52.5551181,-1.459191,210.42799999999943
128.72,0.4968,-0.7568,9.8523,0.0497,0.0497,-0.0037,52.55511320000001,-1.4591957000000002,210.38800000000404
128.82,0.5,-0.6061,9.834,0.0235,0.0235,-0.025,52.5551083,-1.4592004999999997,210.52699999999592
128.92,0.4298,-0.7493,9.952,-0.0006,-0.0006,-0.0038,52.5551034,-1.4592054,210.91399999999427
129.02,0.52,-0.844,9.9205,0.0045,0.0045,-0.0073,52.5550986,-1.4592102,210.825
129.12,0.2251,-0.8713,9.7592,0.008,0.008,0.023,52.5550936,-1.4592149,210.31900000000545
129.22,0.4392,-0.8079,9.7897,0.0025,0.0025,-0.0054,52.5550888,-1.4592197,210.69599999998587
129.32,0.6428,-0.6766,9.8099,-0.0009,-0.0009,-0.0052,52.5550839,-1.4592243999999999,210.20900000001427
129.42,0.4696,-0.1799,9.8717,-0.0005,-0.0005,0.015,52.5550789,-1.4592292,210.32099999999835
129.52,0.1921,-0.6242,9.9763,-0.007,-0.007,0.0177,52.5550739,-1.4592341,210.439
129.62,0.0917,-0.5991,9.887,0.0189,0.0189,0.0116,52.555069,-1.459239,210.7289999999991
129.72,0.2444,-0.6076,9.8895,-0.0014,-0.0014,-0.0227,52.555064,-1.4592439000000001,210.6669999999826
129.821,0.5236,-0.3875,9.815,-0.002,-0.002,-0.0269,52.55505885,-1.4592487489999997,210.07343999998128
129.92,0.5588,-0.5744,9.7632,0.0055,0.0055,-0.0022,52.5550539,-1.4592536,210.7109999999905
130.02,0.3755,-0.6061,9.8014,0.0027,0.0027,0.0282,52.5550488,-1.4592587,211.046
130.12,0.4195,-0.4197,9.7565,0.011,0.011,0.0198,52.5550438,-1.4592636,210.6320000000097
130.219,0.4263,-0.5358,9.7522,-0.0188,-0.0188,-0.0005,52.555038751,-1.4592686490000002,211.29431000001927
130.319,0.2525,-0.4892,9.8134,0.003,0.003,-0.0134,52.55503375,-1.4592738479999998,212.01181999997937
130.42,0.1796,-0.4491,9.8489,0.0016,0.0016,-0.0102,52.555028500000006,-1.459279,211.16400000001263
130.52,0.3191,-0.516,9.7725,-0.0023,-0.0023,0.0151,52.5550234,-1.4592844,211.774
130.62,0.3288,-0.3497,9.7655,0.0076,0.0076,-0.0034,52.5550183,-1.4592898,212.78999999999994
130.72,0.4213,-0.6119,9.7805,-0.0049,-0.0049,-0.0052,52.5550131,-1.4592953000000004,212.78600000001072
130.82,0.3143,-0.3658,9.7875,0.0055,0.0055,0.0077,52.555008,-1.4593009999999997,213.15599999998918
130.923,0.2762,-0.6036,9.8081,0.0051,0.0051,-0.0012,52.555002544000004,-1.4593067769999999,213.16129999998566
131.02,0.2684,-0.6261,9.8025,-0.0048,-0.0048,0.0052,52.5549975,-1.4593125,214.141
131.12,0.3384,-0.4852,9.8608,0.0003,0.0003,-0.0008,52.55499210000001,-1.4593185,214.03000000001356
131.22,0.4705,-0.6606,9.82,0.0052,0.0052,-0.0084,52.5549868,-1.4593247,214.96600000000717
131.32,0.281,-0.6044,9.8593,-0.0067,-0.0067,-0.0062,52.5549814,-1.4593308999999999,215.21299999999277
131.42,0.4009,-0.7658,9.849,0.0104,0.0104,-0.0212,52.5549761,-1.4593374,216.08999999998704
131.52,0.4925,-0.5119,9.8163,-0.0105,-0.0105,0.0172,52.554970700000005,-1.4593439,216.017
131.62,0.3906,-0.5346,9.8502,0.0003,0.0003,0.0058,52.5549653,-1.4593506,216.83500000000564
131.719,0.3694,-0.8223,9.9251,0.0177,0.0177,-0.0028,52.554959855,-1.4593574310000004,217.2201100000112
131.82,0.3039,-0.53,9.8837,0.0006,0.0006,0.0066,52.55495429999999,-1.4593645999999998,217.8249999999824
131.92,0.3763,-0.4569,9.8896,0.0102,0.0102,-0.0238,52.5549489,-1.4593718,219.01999999998236
132.021,0.5031,-0.6742,9.8977,-0.0082,-0.0082,0.0167,52.554943347,-1.459379376,219.29273999999992
132.12,0.4369,-0.461,9.95,-0.0062,-0.0062,0.014,52.5549381,-1.4593869000000002,220.3560000000116
132.22,0.3219,-0.6209,9.8832,-0.0007,-0.0007,0.0085,52.5549327,-1.4593946000000002,221.15600000000617
132.32,0.1011,-0.4082,9.8869,-0.0053,-0.0053,-0.0123,52.5549274,-1.4594023999999999,221.3689999999938
132.42,0.3817,-0.6019,9.9555,0.014,0.014,-0.006,52.5549222,-1.4594105,222.8659999999779
132.52,0.5014,-0.6015,9.8636,-0.0086,-0.0086,0.0041,52.554917,-1.4594186,223.342
132.62,0.2832,-0.4125,9.8519,0.0096,0.0096,0.004,52.5549119,-1.4594267000000003,223.7360000000225
132.719,0.2467,-0.7283,9.9554,0.0074,0.0074,-0.0077,52.554906949999996,-1.4594350160000003,225.2734700000447
132.82,0.2513,-0.4816,9.8808,-0.0114,-0.0114,-0.0047,52.5549019,-1.4594435999999997,225.96799999998012
132.92,0.2349,-0.4568,9.8281,-0.0074,-0.0074,0.0045,52.5548971,-1.4594522999999997,226.8329999999872
133.02,0.309,-0.5976,9.8647,-0.0107,-0.0107,0.01,52.554892200000005,-1.4594612,227.948
133.119,0.2527,-0.3755,9.8559,-0.0028,-0.0028,0.0103,52.554887646,-1.459469912,228.6954500000108
133.22,0.2489,-0.4827,9.819,0.0127,0.0127,-0.0227,52.554883,-1.4594792000000003,230.25700000002345
133.32,0.1361,-0.5696,9.8597,-0.0001,-0.0001,-0.0002,52.5548785,-1.4594883999999997,231.06599999997633
133.42,0.2203,-0.4065,9.8253,0.0056,0.0056,-0.0021,52.554874,-1.4594978999999997,231.99499999998628
133.52,0.3153,-0.4225,9.7822,0.0009,0.0009,0.0076,52.554869700000005,-1.4595076,233.265
133.62,0.1415,-0.4884,9.7989,-0.0068,-0.0068,0.0075,52.5548653,-1.4595175000000002,233.88700000001162
133.719,0.0456,-0.3139,9.8218,0.0079,0.0079,0.0111,52.554861043,-1.4595274000000005,234.68098000002308
133.82,0.2315,-0.455,9.8105,0.0091,0.0091,-0.0011,52.5548568,-1.4595377999999999,235.8739999999653
133.92,0.2476,-0.4595,9.8054,-0.0105,-0.0105,0.0065,52.5548527,-1.4595482999999998,236.6929999999879
134.02,0.2472,-0.2512,9.8267,0.0081,0.0081,-0.005,52.554848500000006,-1.459559,237.361
134.12,0.3404,-0.4484,9.8493,-0.0026,-0.0026,-0.0038,52.5548444,-1.4595699,238.21700000000487
134.22,0.2236,-0.4901,9.8884,0.0107,0.0107,-0.0012,52.5548404,-1.4595810000000002,238.5520000000341
134.319,0.2798,-0.2995,9.8877,0.0083,0.0083,-0.0037,52.55483644,-1.4595919889999995,239.7162399999662
134.419,0.3873,-0.5039,9.8661,-0.0031,-0.0031,-0.0025,52.554832539,-1.4596034849999997,240.5100999999884
134.52,0.264,-0.0957,9.9856,-0.0039,-0.0039,0.002,52.5548286,-1.4596151000000002,241.04
134.62,0.0511,0.0155,9.8296,-0.0019,-0.0019,-0.0002,52.554824700000005,-1.4596268000000001,241.65200000000044
134.719,0.2662,-0.4073,9.9461,-0.0222,-0.0222,0.0157,52.554820938000006,-1.4596385810000003,241.6826900000009
134.82,0.039,-0.2758,9.947,0.0196,0.0196,0.0064,52.55481699999999,-1.4596507999999995,242.15999999998604
134.92,0.1846,-0.4721,9.957,-0.0005,-0.0005,-0.0139,52.554813200000005,-1.4596628999999999,242.62599999999313
135.02,0.4068,-0.5462,9.8698,0.0138,0.0138,-0.0116,52.5548093,-1.4596752,242.643
135.12,0.3685,-0.6761,9.8198,0.0081,0.0081,-0.0002,52.5548055,-1.4596877000000001,243.01900000000182
135.22,0.2483,-0.7526,9.8791,-0.0035,-0.0035,0.0078,52.554801600000005,-1.4597003000000006,243.14500000000214
135.32,0.196,-0.835,9.8824,0.0019,0.0019,0.0068,52.5547977,-1.4597129999999996,243.21899999999783
135.42,0.1902,-0.259,9.8019,-0.0045,-0.0045,0.0025,52.5547938,-1.4597258999999998,243.74299999999226
135.52,0.2068,-0.4573,9.7821,-0.0048,-0.0048,0.0054,52.5547899,-1.4597389,243.8
135.62,0.1521,-0.4931,9.8573,-0.0194,-0.0194,-0.0057,52.55478600000001,-1.4597519999999997,243.86300000000531
135.719,-0.0168,-0.3225,9.8782,-0.0008,-0.0008,0.012,52.554782139,-1.4597650680000005,244.22534000001056
135.819,0.3033,-0.7983,9.7227,-0.012,-0.012,-0.0013,52.55477814,-1.4597783669999997,243.60629000001808
135.919,0.2125,-0.3302,9.6833,0.0063,0.0063,0.0078,52.554774140000006,-1.4597919639999999,244.3276499999892
136.02,0.2006,-0.6043,9.7943,-0.0304,-0.0304,0.0162,52.5547701,-1.4598057,244.215
136.12,0.2297,-1.2728,9.7624,0.0051,0.0051,0.0101,52.5547661,-1.4598194000000002,244.43600000000802
136.22,-0.1831,-0.7356,9.9005,-0.0228,-0.0228,0.0054,52.5547622,-1.4598333000000003,244.98800000000986
136.32,-0.0024,-0.9864,9.6372,-0.0067,-0.0067,0.0004,52.5547582,-1.4598474999999995,245.32799999999006
136.42,0.4708,-2.2454,9.4746,0.0091,0.0091,0.0079,52.554754200000005,-1.4598615999999998,245.42599999999854
136.52,0.3287,-1.4534,9.4468,0.0087,0.0087,-0.0137,52.55475020000001,-1.4598757000000002,244.999
136.62,-0.1943,-3.0557,9.8406,0.0605,0.0605,-0.0401,52.5547462,-1.4598900000000001,245.5199999999928
136.72,-0.1035,-3.6981,10.0324,0.0873,0.0873,-0.0414,52.5547422,-1.4599044000000005,245.02100000000473
136.82,1.0414,-2.1458,10.0776,0.0685,0.0685,-0.0083,52.5547381,-1.4599188999999995,245.1849999999952
136.92,1.6234,-1.2444,10.4314,-0.0026,-0.0026,-0.0043,52.554734100000005,-1.4599334,245.7379999999918
137.02,0.7616,-2.6036,9.7015,-0.0778,-0.0778,-0.0376,52.5547302,-1.4599478,245.847
137.12,0.2245,-2.8486,9.5884,-0.0536,-0.0536,-0.0022,52.5547263,-1.4599623000000004,246.1120000000111
137.22,0.6532,-3.3442,9.3489,-0.019,-0.019,0.019,52.5547225,-1.4599769000000005,246.8779999999915
137.32,1.5396,-3.0451,9.3303,-0.0254,-0.0254,0.0396,52.5547187,-1.4599912999999995,246.5850000000086
137.42,1.0915,-1.7139,9.7659,0.0123,0.0123,-0.0108,52.5547149,-1.4600057999999998,246.97299999999427
137.52,-0.3218,-0.2179,10.3523,0.0614,0.0614,-0.0851,52.5547112,-1.4600204,247.302
137.62,0.2029,-2.3137,9.4967,-0.0272,-0.0272,-0.0655,52.5547075,-1.4600350000000002,247.45700000000835
137.72,0.9417,-1.0472,9.6519,0.0068,0.0068,-0.0083,52.5547039,-1.4600496000000005,248.03300000001855
137.82,1.3792,-1.1978,9.6508,0.0241,0.0241,0.1012,52.5547005,-1.4600640999999996,248.67299999998127
137.92,-0.1112,-1.5575,9.8046,-0.0155,-0.0155,0.0268,52.554697,-1.4600785999999997,248.50200000000254
138.02,-0.3129,-1.8,9.6597,-0.04,-0.04,-0.055,52.5546935,-1.460093,248.359
138.12,-0.0409,-1.7377,9.8013,-0.0151,-0.0151,0.0377,52.5546901,-1.4601075000000001,248.88599999999693
138.22,1.3231,-1.361,9.6968,0.0031,0.0031,0.0198,52.554686700000005,-1.4601218000000002,248.67499999999256
138.32,1.225,-0.8467,9.9084,-0.0409,-0.0409,0.0818,52.5546833,-1.4601360999999995,248.41800000000754
138.42,0.9997,-0.9462,10.0917,0.0069,0.0069,0.0219,52.5546798,-1.4601501999999997,248.03700000000563
138.52,-0.0472,-1.0732,10.3569,0.0236,0.0236,-0.0583,52.5546762,-1.4601643,247.439
138.62,0.4207,-1.2665,10.4129,0.0065,0.0065,-0.0264,52.5546726,-1.4601783000000002,247.13499999999001
138.72,1.0879,-0.8881,9.7998,0.0477,0.0477,-0.0138,52.5546689,-1.4601922000000005,246.44699999999094
138.82,1.2916,-1.1025,10.1461,-0.0348,-0.0348,0.0789,52.5546652,-1.4602060999999997,246.13400000000914
138.92,1.1034,-1.2904,9.7394,0.026,0.026,0.0344,52.5546614,-1.4602199999999999,246.17599999999936
139.02,-0.1475,-2.0298,9.8772,0.0006,0.0006,-0.0758,52.5546576,-1.460234,245.749
139.119,-0.0253,-1.2103,10.1224,-0.0171,-0.0171,-0.0619,52.554653838,-1.4602475630000002,245.84305000000134
139.22,0.3964,-1.3792,10.137,0.0169,0.0169,0.0224,52.5546499,-1.4602615000000005,245.4149999999982
139.323,2.1728,-1.4325,9.4428,-0.0263,-0.0263,0.0414,52.554645883000006,-1.4602758139999996,245.3440300000086
139.42,1.275,-2.102,9.353,-0.0609,-0.0609,0.0596,52.5546421,-1.4602891999999996,245.0540000000044
139.52,-0.3765,-1.1893,9.9335,-0.0516,-0.0516,-0.0135,52.5546382,-1.460303,244.957
139.62,-0.786,0.4534,10.1268,0.0221,0.0221,-0.0457,52.5546342,-1.4603168000000002,244.8220000000016
139.72,-0.2838,-1.1984,9.6847,0.0435,0.0435,0.0589,52.5546303,-1.4603307000000005,244.93199999999175
139.82,1.3866,-1.0872,9.4261,0.037,0.037,0.0348,52.5546263,-1.4603445999999995,244.64800000000832
139.92,1.7057,-1.3481,9.8988,-0.0027,-0.0027,-0.084,52.5546223,-1.4603584999999997,244.849999999997
140.02,0.7755,-1.4564,10.1991,-0.0364,-0.0364,-0.0962,52.5546183,-1.4603724,244.902
140.12,-0.4438,-0.9881,9.8228,-0.0196,-0.0196,-0.0805,52.5546143,-1.4603864000000002,244.69100000000478
140.22,-1.2698,-0.7032,9.1018,0.0363,0.0363,-0.1026,52.5546103,-1.4604005000000004,245.02000000001982
140.32,-0.6841,-0.9948,9.3772,0.0704,0.0704,0.0146,52.5546064,-1.4604147999999995,245.70299999998002
140.42,2.7388,-0.4926,9.3318,-0.028,-0.028,-0.1612,52.5546025,-1.4604288999999997,245.97899999999592
140.52,0.5454,-0.9717,9.8063,-0.062,-0.062,-0.0931,52.5545987,-1.4604433,246.593
140.62,-0.5931,-1.0194,9.9735,0.0676,0.0676,0.0824,52.5545951,-1.4604578000000001,247.48400000000169
140.72,-0.8988,-1.2809,9.8829,-0.0265,-0.0265,0.0746,52.5545914,-1.4604723000000004,247.59900000001863
140.82,0.3569,-0.9082,9.7334,0.0108,0.0108,-0.0324,52.5545879,-1.4604868999999996,248.24199999998118
140.92,1.4287,-0.7898,9.5605,0.0342,0.0342,-0.1341,52.5545844,-1.4605015999999997,248.6609999999938
141.02,0.7836,-1.1424,10.2271,-0.0787,-0.0787,-0.0462,52.5545809,-1.4605163,248.894
141.12,0.1899,-0.68,9.7147,-0.0608,-0.0608,-0.019,52.5545775,-1.4605312000000001,249.2910000000019
141.22,0.1531,-0.8372,9.5917,0.0172,0.0172,0.0135,52.5545741,-1.4605460000000003,249.4229999999935
141.32,1.1427,-0.3829,9.7446,0.065,0.065,-0.0977,52.5545706,-1.4605609999999993,249.1980000000066
141.42,0.6865,-0.94,9.513,-0.048,-0.048,-0.0109,52.5545672,-1.4605758999999998,249.15500000000063
141.52,-0.5108,-0.702,9.6589,-0.0426,-0.0426,0.0321,52.5545637,-1.4605907,249.225
141.62,-0.8063,-0.346,9.9117,-0.0246,-0.0246,0.0809,52.5545602,-1.4606057000000001,248.8860000000036
141.72,1.5086,0.2985,9.0783,0.0042,0.0042,0.0294,52.5545567,-1.4606207000000004,249.13499999999962
141.82,1.3444,0.6913,9.6798,-0.0172,-0.0172,-0.0342,52.5545532,-1.4606357999999995,249.12200000000038
141.92,0.9183,-0.657,9.4566,0.0269,0.0269,0.0552,52.5545498,-1.4606507999999998,249.43099999999544
142.02,0.4724,-0.631,9.8176,0.0207,0.0207,0.0913,52.5545463,-1.460666,249.4
142.12,0.1817,0.0387,9.8416,-0.0095,-0.0095,0.0225,52.5545428,-1.4606811000000002,249.2449999999964
142.219,-1.2763,-0.2689,9.9222,0.0308,0.0308,-0.089,52.554539335,-1.4606960490000003,248.99848999999284
142.32,-0.8182,-0.1521,9.9379,0.0284,0.0284,0.0468,52.5545357,-1.4607112999999996,248.91200000000248
142.42,1.2865,0.9614,9.3067,0.0326,0.0326,0.1061,52.5545321,-1.4607263999999995,248.9599999999993
142.52,1.3259,0.3482,9.446,0.0873,0.0873,0.1611,52.554528600000005,-1.4607414,248.841
142.62,-0.4514,-0.2453,9.9151,0.0125,0.0125,0.0228,52.554525,-1.4607564000000002,248.5770000000018
142.72,-1.5354,-0.6278,9.9154,-0.0235,-0.0235,-0.1505,52.5545214,-1.4607715000000003,248.70099999999456
142.82,1.258,0.8562,9.9385,-0.0189,-0.0189,-0.0963,52.5545178,-1.4607865999999994,248.5140000000055
142.92,2.0349,0.4066,9.5958,-0.0164,-0.0164,0.033,52.5545142,-1.4608014999999999,248.41700000000142
143.02,0.1385,0.0695,10.0353,0.0364,0.0364,0.0677,52.5545105,-1.4608163,248.226
143.119,-0.4078,-1.1724,10.2185,0.0771,0.0771,0.0617,52.554506936,-1.4608310510000002,248.08937999999802
143.219,-0.2841,0.0286,9.6974,-0.0314,-0.0314,0.0003,52.554503237,-1.4608459510000003,248.1157200000008
143.32,1.0972,-0.1446,9.9865,0.0115,0.0115,-0.0525,52.5544995,-1.4608607999999994,248.01300000000302
143.42,0.3865,-0.2125,10.1475,-0.0914,-0.0914,-0.1231,52.554496,-1.4608754999999998,248.37099999999472
143.52,-0.1365,-0.2136,10.1481,0.0087,0.0087,0.0988,52.5544923,-1.4608902,247.92
143.62,0.0212,0.2206,9.3901,0.0633,0.0633,-0.0105,52.5544887,-1.4609049,248.14299999999892
143.72,-1.0183,-0.1654,9.9616,0.029,0.029,0.0328,52.5544851,-1.4609195000000004,248.06799999999947
143.82,-0.5084,-0.299,10.2182,-0.0282,-0.0282,0.0189,52.5544815,-1.4609339999999997,248.04900000000058
143.92,0.6106,-0.2292,9.2719,0.0305,0.0305,-0.0026,52.5544779,-1.4609486000000003,248.12499999999886
144.02,1.202,-0.6866,8.9069,-0.036,-0.036,-0.0594,52.5544743,-1.4609629,247.916
144.12,0.4416,-1.928,9.744,-0.0995,-0.0995,-0.0945,52.5544707,-1.4609773000000001,248.13699999999815
144.219,-1.3802,-2.2466,10.2599,-0.0103,-0.0103,0.0062,52.554467136,-1.4609916550000004,248.01126999999633
144.32,-0.5869,-1.7719,10.1149,0.0009,0.0009,0.1406,52.5544635,-1.4610060999999996,247.8460000000048
144.42,1.7482,-0.9108,9.2638,0.0022,0.0022,0.076,52.5544599,-1.4610203999999998,247.9349999999987
144.52,1.5219,1.8452,9.6548,0.0537,0.0537,0.1354,52.5544564,-1.4610345,247.798
144.62,-1.1252,0.9875,9.7587,-0.0999,-0.0999,-0.0635,52.5544528,-1.4610487000000003,247.90200000000107
144.72,-2.4275,-0.9544,9.9625,-0.023,-0.023,-0.1983,52.5544493,-1.4610628000000005,247.9770000000192
144.82,-1.1653,-3.1875,8.6496,-0.0455,-0.0455,-0.0189,52.5544458,-1.4610768999999995,248.63899999998063
144.92,0.1274,-1.8958,9.5354,-0.0112,-0.0112,0.1242,52.5544423,-1.4610909999999997,248.03900000000885
145.02,-0.5356,-0.4472,9.9782,0.0421,0.0421,0.0057,52.5544389,-1.4611051000000002,248.257
145.12,-1.1912,-0.383,10.393,-0.1311,-0.1311,-0.0411,52.5544354,-1.4611191000000001,248.0190000000042
145.22,0.9787,-2.2724,9.5378,0.0366,0.0366,0.0135,52.554432,-1.4611331000000005,248.31
145.32,0.6733,-0.5318,9.9902,0.0058,0.0058,-0.0672,52.5544286,-1.4611469999999995,248.31
145.42,0.6473,-1.0709,10.2588,-0.0435,-0.0435,-0.0005,52.554425300000005,-1.4611608999999999,248.40099999999867
145.52,0.3817,-1.3139,9.9294,0.0448,0.0448,-0.1131,52.5544219,-1.4611748,248.376
145.62,-0.6374,-0.0961,10.0587,-0.0378,-0.0378,0.0624,52.5544186,-1.4611885,248.62499999999594
145.72,-0.2579,-1.9165,9.8374,0.076,0.076,-0.0961,52.5544153,-1.4612023000000005,248.3450000000035
145.819,-0.5122,-0.6973,9.8747,-0.0451,-0.0451,0.042,52.554412033,-1.4612157639999996,248.46478999999653
145.92,-1.1615,-0.2701,9.7983,0.0267,0.0267,-0.0649,52.5544087,-1.4612293999999997,248.69099999999668
146.021,-1.004,-1.4242,9.5364,-0.0481,-0.0481,0.1233,52.554405468,-1.4612430339999998,248.52201999999997
146.12,-2.5111,0.4263,9.6631,-0.0249,-0.0249,0.0206,52.5544023,-1.4612563000000003,248.6229999999942
146.22,-2.0189,0.096,9.8133,0.0226,0.0226,-0.0959,52.554399,-1.4612696000000005,248.2230000000026
146.32,0.1608,0.2403,10.0676,0.07,0.07,0.0952,52.5543959,-1.4612825999999997,248.3119999999974
146.42,-0.854,0.5413,10.6484,-0.0054,-0.0054,0.0407,52.5543926,-1.4612955999999997,247.88400000000632
146.52,-2.2237,-0.344,9.4067,0.0986,0.0986,0.1122,52.5543895,-1.4613084,248.136
146.62,-0.7485,-0.9943,9.5438,-0.0579,-0.0579,0.0992,52.5543864,-1.4613211000000002,248.16299999998995
146.72,0.6014,0.338,9.4113,-0.037,-0.037,-0.1351,52.5543832,-1.4613336000000003,247.46800000000593
146.82,0.1759,0.0617,9.6186,-0.0483,-0.0483,-0.0404,52.5543801,-1.4613459999999994,247.672999999994
146.92,-0.7914,-0.0896,10.095,-0.0138,-0.0138,0.1551,52.5543769,-1.4613581999999998,247.0710000000089
147.019,-1.4064,-1.6541,9.618,0.0511,0.0511,0.1471,52.554373831,-1.46137008,247.11654
147.119,-2.281,-1.8292,10.1958,0.0436,0.0436,0.0796,52.554370632,-1.4613819810000002,246.357669999989
147.221,0.3489,-1.4005,10.1632,0.019,0.019,-0.1858,52.554367467999995,-1.4613938150000003,246.1479499999771
147.32,0.9999,0.33,10.1551,0.0522,0.0522,-0.1337,52.5543643,-1.4614051999999997,245.35100000002356
147.42,-1.7623,1.6971,10.5905,-0.1147,-0.1147,0.2171,52.554361,-1.4614164999999997,244.78800000000834
147.52,-1.9909,-0.3032,10.3372,0.0048,0.0048,0.0487,52.5543579,-1.4614275,244.888
147.62,-0.4026,0.2948,10.4911,-0.0352,-0.0352,0.1584,52.5543546,-1.4614383000000002,243.4489999999907
147.72,-1.8292,-2.5655,10.4809,-0.0316,-0.0316,-0.0038,52.5543512,-1.4614490000000004,242.80599999998103
147.82,-0.0154,-1.4269,10.4929,0.093,0.093,0.0488,52.5543478,-1.4614594999999997,242.1510000000192
147.92,0.156,-1.315,9.8546,-0.0956,-0.0956,0.0562,52.5543444,-1.4614697999999997,241.13300000001504
148.023,-4.0324,-2.3866,12.1734,0.0829,0.0829,0.1459,52.554340794999995,-1.461480197,240.58984999999976
148.12,-6.0191,-1.7395,10.8433,-0.0563,-0.0563,-0.2986,52.5543374,-1.4614898,239.80899999997803
148.22,-2.8311,-0.9056,10.9619,-0.1374,-0.1374,-0.384,52.5543337,-1.4614995000000002,238.29099999999374
148.32,4.0083,-0.7855,10.2501,-0.0472,-0.0472,0.1805,52.5543301,-1.4615089999999997,238.0750000000063
148.42,-0.7979,-1.1539,9.0915,0.0353,0.0353,0.4286,52.5543264,-1.4615181999999998,236.6610000000209
148.52,-5.7387,-3.3642,9.3792,-0.0599,-0.0599,-0.0181,52.55432270000001,-1.4615272,236.19
148.62,-3.4285,-4.43,9.1597,-0.0636,-0.0636,-0.3823,52.5543189,-1.4615359000000003,234.69899999998836
148.72,4.7477,-3.3946,8.8674,-0.0526,-0.0526,-0.0501,52.5543151,-1.4615445,233.89599999995522
148.82,4.7524,-3.0211,8.8444,0.06,0.06,0.1967,52.5543112,-1.4615527999999998,232.3520000000452
148.92,-0.8716,-3.3692,9.9221,0.078,0.078,0.2633,52.5543072,-1.4615608999999998,231.0930000000186
149.02,-3.0242,-3.5099,9.8033,0.0397,0.0397,0.0119,52.5543031,-1.4615688,230.012
149.12,-4.0277,-0.1346,10.5351,-0.0797,-0.0797,-0.2256,52.5542991,-1.4615763999999998,228.61999999999261
149.22,0.728,2.2578,8.8816,-0.1115,-0.1115,-0.0184,52.55429490000001,-1.4615840000000002,228.1099999999599
149.324,0.6086,2.8276,8.8904,0.0694,0.0694,-0.0816,52.554290528,-1.4615915839999998,226.67104000003988
149.42,-3.3849,2.5484,9.65,0.1786,0.1786,-0.0525,52.5542864,-1.4615984,225.32800000002067
149.519,-2.994,0.5895,9.7033,0.0222,0.0222,0.1591,52.554281945,-1.4616054289999998,224.2617700000002
149.62,-1.1755,-1.2003,9.8844,0.052,0.052,-0.1853,52.5542775,-1.4616122,223.36199999998732
149.72,4.1721,-1.8507,8.6672,-0.1245,-0.1245,-0.2683,52.5542731,-1.4616189000000002,222.4879999999552
149.82,1.191,-1.709,9.6968,-0.1782,-0.1782,-0.0006,52.554268500000006,-1.4616253999999997,220.94300000004523
149.92,-0.7148,-0.4412,10.0995,0.1107,0.1107,-0.0341,52.55426380000001,-1.4616317,219.87700000001576
150.02,-1.5399,1.2727,10.6447,-0.0209,-0.0209,0.1281,52.5542593,-1.4616379,219.612
150.12,3.677,-2.1905,10.6323,-0.0317,-0.0317,-0.0346,52.5542545,-1.461644,218.19799999999174
150.22,3.3091,-1.6997,9.8916,0.0216,0.0216,-0.2619,52.5542497,-1.4616500000000001,217.6269999999609
150.321,-0.5982,0.1076,9.9978,0.0467,0.0467,0.0099,52.554244952000005,-1.4616557559999996,216.2715300000188
150.42,-1.2359,1.9279,9.9286,0.0509,0.0509,0.0884,52.5542402,-1.4616613,215.63100000000955
150.52,-1.9368,0.6318,9.2332,-0.0103,-0.0103,0.03,52.5542353,-1.4616668,214.311
150.62,0.9354,-1.8109,9.3123,-0.1056,-0.1056,-0.0502,52.5542305,-1.4616721,214.01699999999326
150.72,0.2494,1.0059,9.6371,-0.0142,-0.0142,-0.0799,52.5542256,-1.4616775000000002,213.5529999999738
150.82,-1.1337,0.9179,11.0586,-0.0868,-0.0868,0.0597,52.5542206,-1.4616826999999997,212.64900000002646
150.92,-3.9312,0.2885,9.9775,0.0204,0.0204,0.2173,52.5542157,-1.4616879,212.7579999999984
151.021,-4.3761,1.7109,10.2597,0.1394,0.1394,0.0399,52.55421055000001,-1.461693051,211.12073999999993
151.12,-4.299,0.372,11.0519,-0.0942,-0.0942,-0.2072,52.5542056,-1.4616981,211.88699999999204
151.221,2.4285,0.5915,9.7668,-0.0475,-0.0475,-0.1833,52.554200548000004,-1.4617031510000003,211.33537999999254
151.319,1.7965,1.2789,9.1821,0.141,0.141,0.011,52.554195451999995,-1.4617081489999997,211.07862000000753
151.42,-2.5494,0.4745,10.2474,-0.0531,-0.0531,0.0979,52.5541903,-1.4617132,210.52300000000818
151.52,-2.8234,1.2308,9.9691,0.1334,0.1334,-0.0326,52.5541851,-1.4617183,210.671
151.62,-0.8604,0.9837,10.0603,-0.0204,-0.0204,-0.106,52.5541799,-1.4617235,211.47999999998672
151.72,1.2106,0.4614,9.893,0.0405,0.0405,-0.0708,52.5541746,-1.4617287000000003,210.5650000000151
151.82,-0.0403,-0.4486,10.099,-0.0432,-0.0432,-0.0115,52.5541693,-1.4617338999999996,211.08599999998475
151.92,0.1198,-0.336,9.96,0.0562,0.0562,0.021,52.554164,-1.4617394,211.58799999999258
152.02,-0.0169,-0.4946,10.5846,-0.1505,-0.1505,-0.0492,52.5541586,-1.4617447,211.446
152.12,1.2925,0.8798,9.1194,0.0317,0.0317,-0.1193,52.5541533,-1.4617503,212.40200000000613
152.22,2.3322,0.2643,9.2309,-0.0639,-0.0639,0.0335,52.5541479,-1.4617560000000003,212.82500000001707
152.319,2.404,1.0745,8.9078,0.0997,0.0997,0.087,52.554142553999995,-1.4617618409999997,213.40810999998305
152.42,-0.6539,1.99,9.9615,-0.0243,-0.0243,0.0268,52.5541372,-1.4617682,215.49199999996927
152.52,-0.6473,1.6826,8.7178,0.1246,0.1246,-0.065,52.5541321,-1.4617745,216.558
152.62,-1.3002,0.5539,10.0998,-0.0408,-0.0408,0.0397,52.554127,-1.4617811,218.028000000026
152.72,0.0533,2.741,9.3273,0.0197,0.0197,0.1461,52.554122,-1.4617881000000001,219.82200000004062
152.82,-0.191,1.2765,10.3899,-0.1593,-0.1593,0.0764,52.554117,-1.4617952999999997,221.222999999959
152.92,-0.3682,1.7788,9.4474,0.0426,0.0426,0.0038,52.554112100000005,-1.4618028999999997,222.60799999997954
153.02,-0.8948,1.7373,9.8431,0.0536,0.0536,-0.0863,52.55410729999999,-1.4618105,223.894
153.12,0.7826,-0.7005,10.2836,-0.1906,-0.1906,0.0022,52.5541027,-1.4618185000000001,225.86600000002673
153.22,0.2873,0.7199,11.0347,0.1439,0.1439,0.0299,52.554098200000006,-1.4618267000000003,227.71000000003576
153.32,1.3827,0.1958,10.5732,-0.0803,-0.0803,0.1079,52.5540937,-1.4618351999999997,228.94299999996392
153.42,0.904,-0.2719,10.7941,0.1222,0.1222,-0.0544,52.5540894,-1.4618440999999998,231.06999999996856
153.52,0.239,-1.7689,10.622,0.0417,0.0417,-0.0928,52.5540853,-1.4618532000000002,233.27
153.62,0.0822,-0.7525,10.914,0.1115,0.1115,-0.0674,52.5540814,-1.4618626000000001,235.2480000000176
153.72,1.0295,0.9459,10.2945,-0.0598,-0.0598,-0.0246,52.5540776,-1.4618721999999997,236.46300000005903
153.82,0.9212,-1.3421,9.6602,-0.0661,-0.0661,0.0392,52.554073900000006,-1.4618821999999998,238.4989999999404
153.92,2.107,0.8328,9.3575,0.0338,0.0338,-0.197,52.5540706,-1.4618924999999998,241.17499999996045
154.02,-0.8998,-1.2726,10.4499,-0.0365,-0.0365,0.0879,52.5540673,-1.4619029,242.361
154.12,-1.5815,1.2313,10.5423,0.0776,0.0776,0.0215,52.5540642,-1.4619136000000001,244.99500000003582
154.22,-1.2959,1.3897,10.2779,0.0207,0.0207,-0.0005,52.5540615,-1.4619246000000001,247.4650000000416
154.32,-0.7,-0.5344,9.5071,0.033,0.033,-0.0328,52.5540589,-1.4619357,248.899999999958
154.42,-0.0793,1.3128,9.335,0.074,0.074,-0.019,52.5540566,-1.4619471999999998,251.1859999999662
154.52,0.2966,0.1633,9.1991,-0.0012,-0.0012,0.105,52.5540546,-1.4619588,253.924
154.619,-0.7444,1.3595,9.6188,-0.0915,-0.0915,0.0209,52.554052818,-1.4619703830000002,255.75649000002647
154.719,-0.0665,-0.8342,10.0311,0.1348,0.1348,-0.088,52.554051216000005,-1.4619824790000004,257.8114300000592
154.82,-0.8018,-0.227,10.6699,-0.0024,-0.0024,-0.1094,52.5540499,-1.4619946999999993,259.55699999994954
154.92,2.6313,-0.5703,9.9916,0.0162,0.0162,-0.0741,52.5540489,-1.4620069999999996,261.858999999966
155.02,1.4318,0.8117,9.2918,-0.0708,-0.0708,0.0492,52.5540479,-1.4620195,262.659
155.12,-1.8472,0.8467,10.2916,0.0643,0.0643,0.2004,52.554047100000005,-1.4620321,264.13900000000655
155.22,-2.0334,0.0272,10.3221,0.0239,0.0239,-0.0993,52.5540464,-1.4620447000000005,264.5910000000164
155.32,3.6172,0.5437,8.6282,-0.0845,-0.0845,-0.152,52.5540457,-1.4620574999999996,265.15599999998346
155.42,4.4113,0.4103,9.0687,0.004,0.004,0.0393,52.554045,-1.4620703999999995,264.63500000000766
155.52,-3.9839,1.5027,9.3144,0.094,0.094,0.1504,52.5540444,-1.4620834,265.899
155.62,-2.2801,1.4464,10.0013,0.084,0.084,0.2871,52.5540438,-1.4620965000000001,265.2640000000042
155.72,1.4708,1.786,8.9151,0.0687,0.0687,-0.1178,52.5540432,-1.4621096000000005,265.55599999998697
155.82,2.0757,0.5435,10.1505,0.0064,0.0064,-0.1235,52.5540425,-1.4621226999999997,265.10700000001316
155.92,-0.7794,0.4165,9.5996,-0.0602,-0.0602,-0.2006,52.5540417,-1.4621360999999997,264.87300000000346
156.019,-2.0778,-0.4906,10.172,0.0592,0.0592,0.1913,52.554040809,-1.462149168,263.53254000000027
156.119,-0.6216,-0.1815,9.8349,0.0154,0.0154,0.1935,52.554039810000006,-1.4621625660000002,263.31604999999706
156.219,4.2062,0.406,9.8151,0.0014,0.0014,0.081,52.554038711,-1.4621759660000007,262.5497199999778
156.319,3.2639,1.6339,9.5986,-0.0004,-0.0004,-0.1477,52.554037512,-1.4621891679999994,261.2490600000375
156.42,-1.5989,-0.5789,10.3075,-0.082,-0.082,-0.0649,52.5540361,-1.4622027999999998,260.8370000000059
156.52,0.97,1.1676,10.0832,0.0706,0.0706,-0.1233,52.5540347,-1.4622161,259.976
156.62,3.1954,1.3149,10.7632,-0.0212,-0.0212,0.0868,52.554033200000006,-1.4622296000000001,259.65099999999114
156.72,-0.9345,-0.384,10.6266,-0.0234,-0.0234,0.1357,52.5540316,-1.4622432000000005,259.0409999999731
156.82,-2.2249,0.5023,10.2192,-0.0177,-0.0177,-0.0207,52.5540298,-1.4622565999999995,258.11300000002717
156.92,0.7899,1.3003,9.6222,0.0005,0.0005,0.0319,52.554028,-1.4622701,257.6890000000063
157.02,2.521,3.4264,9.3557,-0.0694,-0.0694,-0.2118,52.5540261,-1.4622835,257.03
157.12,-0.9974,1.5309,9.9102,0.0256,0.0256,-0.1451,52.55402419999999,-1.4622971000000002,256.58699999999305
157.22,-0.1672,0.334,9.243,0.0082,0.0082,0.0412,52.554022100000005,-1.4623105000000005,256.10699999998104
157.32,-0.9833,-0.5912,10.4976,0.0121,0.0121,0.0503,52.55402,-1.4623238999999995,255.45200000001918
157.42,2.3993,0.7512,9.5711,-0.0877,-0.0877,0.0134,52.5540178,-1.4623373,254.88300000000842
157.52,2.091,1.0547,9.4744,-0.0465,-0.0465,-0.1212,52.5540154,-1.4623503999999998,253.359
157.62,-1.4646,2.0696,10.2006,-0.0056,-0.0056,-0.0981,52.5540129,-1.4623636000000002,252.74599999998642
157.72,-1.2778,1.574,10.247,0.0446,0.0446,0.0849,52.5540103,-1.4623766000000002,251.80799999996105
157.819,1.1868,1.1335,9.3167,-0.029,-0.029,0.1344,52.554007528,-1.4623892719999996,250.4784300000386
157.92,0.5945,0.7862,9.7273,0.0871,0.0871,0.0992,52.5540046,-1.4624020999999996,249.6060000000127
158.02,-0.4423,2.2838,9.8779,-0.09,-0.09,-0.0253,52.55400169999999,-1.4624146,249.226
158.119,-2.2434,1.5131,10.5231,-0.0603,-0.0603,-0.0616,52.55399873,-1.462426876,248.19441999998512
158.22,-0.6473,2.0613,9.9658,-0.0275,-0.0275,0.0864,52.5539954,-1.4624393000000004,246.8149999999676
158.319,-1.0535,2.3212,10.0089,0.1561,0.1561,-0.0669,52.553992034000004,-1.4624513779999997,245.70818000003214
158.42,0.0953,2.3292,9.5244,-0.0589,-0.0589,0.0189,52.5539885,-1.4624633999999999,244.23400000002164
158.52,0.4933,2.1745,9.6343,0.113,0.113,-0.192,52.5539849,-1.4624752,243.241
158.621,-1.0574,1.1894,10.0638,-0.0077,-0.0077,0.1371,52.553981061,-1.4624869150000002,242.08305999998538
158.72,-1.4162,0.8126,10.1794,-0.0512,-0.0512,0.1007,52.5539772,-1.4624983000000003,241.0989999999915
158.82,1.6825,0.8174,9.8592,-0.0333,-0.0333,0.1239,52.5539733,-1.4625096999999994,240.8060000000086
158.92,1.0343,1.1207,9.7052,0.0037,0.0037,-0.0801,52.5539692,-1.4625209999999997,239.6030000000178
159.021,0.9671,1.0947,9.979,0.0202,0.0202,-0.0858,52.553965259,-1.4625323119999998,239.72791000000007
159.12,-0.2868,1.1052,9.6024,-0.0644,-0.0644,0.0824,52.5539612,-1.4625434000000004,239.02600000000066
159.22,-0.9925,1.7281,9.932,0.0512,0.0512,-0.0673,52.553957100000005,-1.4625545000000002,239.07199999998107
159.32,-0.0847,1.9456,9.5399,-0.0944,-0.0944,0.0345,52.5539529,-1.4625656999999999,238.41900000001914
159.42,-0.6331,2.0986,9.5379,0.0411,0.0411,0.0025,52.55394880000001,-1.4625767999999997,238.61299999999713
159.52,-0.0378,1.001,9.4852,0.0993,0.0993,-0.0654,52.55394449999999,-1.4625878,237.778
159.62,-0.6169,2.0047,9.3052,-0.0287,-0.0287,-0.0411,52.55394020000001,-1.4625989000000001,237.7080000000006
159.72,-1.2168,2.1591,9.6569,0.1047,0.1047,-0.1457,52.553936,-1.4626099000000001,237.74899999997734
159.82,-0.7983,0.632,8.893,-0.0058,-0.0058,0.0909,52.553931600000006,-1.4626207999999998,236.96800000002284
159.921,-0.6322,2.9428,9.0145,-0.0685,-0.0685,0.0623,52.553927156,-1.462631809,236.53740000000525
160.02,-0.7141,2.5594,9.5674,-0.0383,-0.0383,0.0197,52.5539228,-1.4626426,236.181
160.12,-0.5893,2.3014,8.6105,-0.0361,-0.0361,0.1415,52.5539183,-1.4626535,235.73099999999806
160.22,-1.1825,2.3617,9.5282,0.0412,0.0412,-0.1084,52.5539137,-1.4626644000000004,235.5979999999974
160.321,0.0528,1.2372,9.7459,0.0246,0.0246,-0.0956,52.553909154,-1.4626753079999997,235.50237000001638
160.42,1.3756,1.8549,9.7372,-0.0176,-0.0176,0.1213,52.5539046,-1.462686,234.94500000000832
160.52,2.0817,1.7382,9.9326,0.0679,0.0679,-0.0942,52.553899900000005,-1.4626967,234.565
160.62,2.5084,1.9702,9.7676,-0.0491,-0.0491,-0.1945,52.5538953,-1.4627075000000003,234.68799999998907
160.72,-0.0478,1.8897,9.8189,-0.0628,-0.0628,-0.0635,52.5538905,-1.4627181000000002,233.93500000000233
160.82,-3.4912,1.2329,10.584,0.0185,0.0185,0.1303,52.5538858,-1.4627288999999999,234.01499999999766
160.92,-0.9751,1.7037,9.9726,0.0576,0.0576,0.0056,52.5538811,-1.4627395999999997,234.24999999999653
161.02,5.1098,2.8598,8.5809,-0.0672,-0.0672,-0.3674,52.5538764,-1.4627503000000002,233.987
161.12,3.6253,2.1434,9.4638,-0.0448,-0.0448,-0.2314,52.5538716,-1.4627609000000001,233.77499999999918
161.22,-1.8942,1.6906,10.6771,0.1105,0.1105,0.3864,52.5538669,-1.4627716000000002,233.71799999999612
161.32,-4.1331,0.6431,10.7698,0.1387,0.1387,0.4053,52.5538621,-1.4627821999999997,233.5850000000039
161.42,6.6213,2.2504,8.4201,0.1328,0.1328,0.2423,52.5538574,-1.4627926999999998,233.14600000000647
161.52,7.2355,3.2279,8.9074,-0.0319,-0.0319,-0.2679,52.5538526,-1.4628032,233.563
161.62,1.3773,0.7668,10.3969,-0.093,-0.093,-0.1808,52.5538477,-1.4628136000000003,232.4990000000006
161.72,-3.0246,0.9675,10.9719,-0.0259,-0.0259,0.1502,52.55384289999999,-1.4628240000000001,232.54099999999917
161.82,0.7194,0.9337,10.1131,0.1223,0.1223,0.2226,52.5538381,-1.4628342999999997,232.51300000000083
161.92,3.6655,1.8701,9.5648,-0.0103,-0.0103,0.1816,52.5538332,-1.4628444999999999,231.99100000000772
162.02,2.2454,1.6619,9.8186,-0.0495,-0.0495,-0.1775,52.5538284,-1.4628545,231.633
162.12,0.2715,1.5842,10.5604,-0.1106,-0.1106,-0.124,52.5538236,-1.4628645,231.55899999999116
162.22,-0.5283,1.3404,10.0568,0.0538,0.0538,-0.0123,52.5538187,-1.4628744000000002,230.94799999999276
162.32,2.82,1.8862,9.7935,0.0242,0.0242,0.1153,52.5538139,-1.4628840999999997,230.6980000000073
162.419,3.114,1.8342,9.712,-0.0475,-0.0475,0.0225,52.553809049,-1.4628935049999998,230.05450000000954
162.52,1.6441,1.7133,10.1127,-0.0132,-0.0132,-0.136,52.5538042,-1.4629031,230.223
162.62,0.2805,1.5063,9.6278,0.0314,0.0314,-0.0867,52.5537994,-1.4629125000000003,229.83199999999823
162.72,1.1851,1.5842,9.5459,-0.0469,-0.0469,0.0175,52.5537946,-1.4629219000000002,229.7109999999965
162.82,2.596,1.3626,9.1353,0.0706,0.0706,0.0742,52.5537898,-1.4629309999999998,229.5890000000036
162.92,2.4236,1.4959,9.3626,0.0248,0.0248,-0.0112,52.5537851,-1.4629399999999997,229.16700000000623
163.02,1.6955,1.2966,9.7128,-0.0213,-0.0213,-0.0549,52.5537804,-1.4629488,228.906
163.12,0.7236,0.4073,10.2991,-0.0402,-0.0402,-0.1031,52.5537758,-1.4629575000000001,228.50700000000208
163.22,2.5138,1.0814,9.9959,0.0718,0.0718,-0.0358,52.5537712,-1.4629660000000002,228.64999999998244
163.32,2.6143,1.4087,9.7774,0.0681,0.0681,0.092,52.5537666,-1.4629743999999998,228.04400000001775
163.42,0.4108,0.3333,10.1518,-0.0015,-0.0015,0.1455,52.5537621,-1.4629825999999997,228.08299999999943
163.52,-0.0439,0.5618,10.1271,0.0315,0.0315,0.0319,52.5537576,-1.4629908,227.625
163.62,0.1143,0.7984,10.1627,-0.0008,-0.0008,-0.0856,52.553753,-1.4629989000000003,227.5309999999975
163.719,3.0991,1.4345,9.6915,0.049,0.049,-0.1099,52.553748545000005,-1.4630069190000001,227.359729999995
163.82,1.5658,1.0278,9.7494,0.0225,0.0225,0.1026,52.553744,-1.4630149999999997,226.9280000000126
163.92,0.6862,0.2633,9.7522,-0.0283,-0.0283,0.1177,52.553739400000005,-1.4630229999999997,226.7190000000031
164.02,1.036,0.9895,10.21,0.0501,0.0501,0.0581,52.5537349,-1.463031,227.038
164.12,0.4797,0.5543,9.9571,0.0199,0.0199,-0.0635,52.5537303,-1.4630388000000003,225.971000000005
164.22,2.1684,1.0186,9.6763,-0.0041,-0.0041,-0.0697,52.5537256,-1.4630467000000003,226.31699999998793
164.32,1.3916,0.9525,9.7105,0.028,0.028,-0.0123,52.553721,-1.4630545999999998,225.90000000001223
164.42,0.3316,0.802,9.5483,0.0112,0.0112,0.0639,52.5537164,-1.4630623999999999,225.7720000000019
164.52,-1.2018,-0.6705,10.1733,0.0111,0.0111,-0.0475,52.5537117,-1.4630702,225.199
164.62,0.6674,0.9406,10.0266,0.0066,0.0066,-0.0688,52.553707,-1.4630779,225.0909999999968
164.719,1.8119,0.6918,9.6223,-0.0288,-0.0288,-0.0446,52.553702347000005,-1.4630855230000004,224.87121999999363
164.82,0.0848,0.5958,10.0933,0.0463,0.0463,-0.0068,52.55369759999999,-1.4630931999999999,224.96299999999724
164.922,-1.721,-0.241,10.7337,0.0933,0.0933,0.1027,52.553692804,-1.4631011519999997,224.78394000000654
165.02,-0.3692,-0.3558,10.7692,0.0402,0.0402,0.1485,52.5536881,-1.4631086000000002,224.34
165.12,2.4498,1.5497,9.6855,0.0271,0.0271,0.0158,52.5536834,-1.4631163,224.53199999999586
165.22,-1.014,1.6851,10.3506,0.0406,0.0406,-0.099,52.5536786,-1.4631239,224.2459999999794
165.32,-1.5687,0.5189,10.3143,0.0217,0.0217,-0.0476,52.5536737,-1.4631314999999998,223.5350000000208
165.42,-0.7217,-2.3919,10.0392,0.0086,0.0086,0.1151,52.553668900000005,-1.4631390999999996,223.86499999999512
165.52,0.9876,0.5173,9.7715,-0.0044,-0.0044,0.1534,52.553664,-1.4631465999999995,223.099
165.62,0.268,1.6887,9.8066,0.0363,0.0363,-0.0831,52.5536591,-1.4631542000000002,223.38499999999996
165.72,-0.4666,-1.4737,10.1008,-0.046,-0.046,-0.1556,52.5536541,-1.4631617999999997,223.38299999998745
165.82,-2.7049,-0.5192,9.8278,-0.0267,-0.0267,-0.0213,52.5536492,-1.4631694,222.95000000001266
165.92,-3.1833,0.4263,10.298,0.0311,0.0311,0.1227,52.5536442,-1.4631769999999993,223.03299999999876
166.02,-1.1848,-1.6334,9.6371,0.0392,0.0392,0.1019,52.5536392,-1.4631846000000002,222.735
166.12,-1.2903,0.3459,9.84,-0.007,-0.007,-0.0397,52.5536341,-1.4631921,222.32400000000132
166.22,-0.7116,-0.3271,9.5157,-0.0548,-0.0548,-0.0389,52.553629,-1.4631997000000003,222.41399999996818
166.32,-2.1908,-0.7795,10.1215,-0.0553,-0.0553,-0.0902,52.553623900000005,-1.4632069999999997,221.31700000003212
166.42,-2.3795,-0.6309,10.1158,-0.0434,-0.0434,-0.145,52.5536187,-1.4632145999999997,221.66699999999483
166.52,-0.7384,-1.7718,9.7832,0.0108,0.0108,-0.0967,52.5536135,-1.4632219,220.897
166.62,-0.5755,0.3697,9.815,-0.0273,-0.0273,0.0289,52.5536083,-1.4632294,220.90599999998145
166.72,-0.5236,-1.0835,10.1091,-0.0139,-0.0139,-0.0829,52.5536028,-1.4632366000000003,219.62500000000833
166.82,-3.8045,-0.6397,10.857,0.0208,0.0208,-0.1766,52.5535975,-1.4632440999999998,219.9119999999916
166.919,-1.9475,-1.7978,9.9752,-0.117,-0.117,-0.0472,52.553592154,-1.4632514259999998,220.06940999999767
167.02,-2.2033,0.2531,9.0611,-0.0195,-0.0195,-0.0883,52.5535864,-1.4632589,219.061
167.12,-0.9031,-1.6038,9.8448,-0.0735,-0.0735,0.1289,52.5535811,-1.4632662,219.61599999998822
167.22,-4.1708,0.2282,10.5721,-0.0036,-0.0036,-0.0041,52.5535754,-1.4632736000000004,218.8019999999969
167.319,-2.3833,-1.3484,9.6124,0.068,0.068,-0.119,52.553569855999996,-1.4632809259999997,218.69607000000306
167.42,-3.8675,0.1118,9.5218,0.0148,0.0148,0.0419,52.5535642,-1.4632885,218.85399999999765
167.52,-1.3222,-1.6476,9.2653,-0.0177,-0.0177,0.15,52.5535585,-1.4632958,218.25
167.62,-2.5025,-0.3335,9.1074,0.0553,0.0553,0.0821,52.5535527,-1.4633033,218.4619999999978
167.72,-4.7947,-1.1344,9.9465,-0.014,-0.014,0.1135,52.553547,-1.4633107000000003,218.3119999999958
167.82,-3.9057,-0.9871,9.5388,0.0079,0.0079,-0.0826,52.5535411,-1.4633183999999997,218.16700000000424
167.92,-2.2651,0.0293,9.8168,-0.0249,-0.0249,-0.052,52.5535353,-1.4633259,218.44699999999585
168.02,-1.3022,-0.313,9.1193,0.0387,0.0387,0.0924,52.5535294,-1.4633336,218.366
168.12,-3.7669,-0.5249,9.5342,0.0713,0.0713,0.1522,52.5535236,-1.4633413,218.32299999999955
168.22,-5.4951,-0.3953,9.782,0.0009,0.0009,0.1209,52.55351759999999,-1.4633489000000002,218.29199999993784
168.32,-3.6751,0.2241,9.5425,0.0347,0.0347,-0.0912,52.5535113,-1.4633564999999997,216.14800000006275
168.419,-2.8264,0.2322,10.0842,-0.0177,-0.0177,0.028,52.553505359999996,-1.4633641229999999,217.9488099999733
168.52,-1.1286,-0.4829,9.4002,0.0892,0.0892,0.0009,52.5534993,-1.463372,218.215
168.62,-2.1637,-0.6001,9.549,0.0456,0.0456,0.2163,52.553493200000005,-1.4633798000000002,217.97200000000228
168.72,-5.876,-1.2732,9.5926,-0.0869,-0.0869,0.0346,52.5534872,-1.4633877000000002,218.12800000001593
168.82,0.7,-0.5326,9.3861,-0.0106,-0.0106,-0.331,52.5534813,-1.4633954999999998,218.6779999999839
168.92,5.2197,0.4192,9.0334,-0.1063,-0.1063,-0.3947,52.5534752,-1.4634032999999997,217.95600000001065
169.02,2.5137,-0.2775,9.5646,0.0475,0.0475,0.3525,52.5534691,-1.4634112,218.006
169.119,-3.0216,-1.4715,10.1563,0.1167,0.1167,0.409,52.55346316,-1.4634190210000002,218.213900000003
169.219,-5.4063,-1.3653,10.0167,0.0098,0.0098,0.2579,52.553457061,-1.4634267230000002,217.99918999999372
169.319,0.514,-0.5531,9.5322,-0.0319,-0.0319,-0.0495,52.553450961,-1.4634345219999998,217.91186000000246
169.42,4.6983,0.3911,9.634,-0.046,-0.046,-0.2593,52.5534449,-1.4634424999999998,218.18299999999599
169.519,2.2814,0.004,9.7238,0.0254,0.0254,-0.0427,52.55343896,-1.463450123,218.13548
169.62,-2.2549,-0.7011,10.4427,0.0706,0.0706,0.2326,52.5534329,-1.4634579000000003,217.93799999999666
169.72,0.6686,-0.0847,10.2584,0.0933,0.0933,0.1689,52.5534269,-1.4634656000000001,217.7090000000154
169.82,2.0661,-0.4296,9.9875,0.0226,0.0226,-0.0549,52.553421,-1.4634730999999999,218.23999999998446
169.92,2.373,-0.3623,9.5541,-0.0186,-0.0186,-0.0684,52.5534151,-1.4634804,216.76700000002177
170.02,0.5302,-0.0159,10.4691,0.0262,0.0262,-0.1059,52.5534092,-1.4634879,217.539
170.12,-1.253,-1.345,11.0487,-0.0741,-0.0741,0.1013,52.5534033,-1.4634951,216.74500000001046
170.219,0.7623,-0.2416,10.4295,0.1876,0.1876,0.1358,52.553397657,-1.463502228,217.4597800000208
170.32,2.6178,-0.6195,9.6714,-0.0386,-0.0386,0.0883,52.55339179999999,-1.4635093999999997,216.85000000001807
170.42,3.1522,0.0537,9.4456,-0.0961,-0.0961,-0.2121,52.5533861,-1.4635165,216.99499999999787
170.52,-1.3132,-0.4618,10.5769,0.0131,0.0131,-0.1981,52.5533805,-1.4635235,217.272
170.62,-2.3486,0.5025,10.3696,0.0483,0.0483,0.1865,52.5533749,-1.4635306,217.2799999999958
170.72,0.3436,-0.1753,9.742,0.1338,0.1338,0.086,52.55336929999999,-1.4635375000000004,216.9900000000272
170.82,4.9898,-0.3172,9.3964,-0.0077,-0.0077,0.0697,52.55336380000001,-1.4635444999999998,217.92799999997254
170.921,2.862,0.4691,10.5039,0.0414,0.0414,-0.1333,52.553358245,-1.4635515699999997,217.73585999999875
171.02,-2.8091,-1.2261,10.4328,-0.0294,-0.0294,-0.282,52.5533528,-1.4635585,217.821
171.12,-2.4069,-0.7508,11.5131,0.2083,0.2083,0.1587,52.5533475,-1.4635656,218.836999999991
171.22,3.4032,-1.072,10.4797,0.114,0.114,0.3401,52.5533421,-1.4635725000000004,218.21800000003157
171.319,7.9264,0.3269,8.6572,-0.1725,-0.1725,0.2857,52.553336853,-1.4635796279999997,219.29610999996868
171.42,-0.0774,-0.2318,10.2857,-0.121,-0.121,-0.4376,52.5533316,-1.4635869,219.42699999999823
171.52,-4.7381,-0.4748,10.5967,-0.1507,-0.1507,-0.2702,52.5533263,-1.463594,219.529
171.62,-0.2533,-0.5636,8.9024,-0.0742,-0.0742,0.1997,52.5533211,-1.4636013,220.25500000000648
171.72,6.4797,1.6278,8.8166,0.117,0.117,0.3908,52.553316,-1.4636084000000007,220.70199999999855
171.82,5.7109,1.4179,9.2156,0.04,0.04,-0.1047,52.5533109,-1.4636155999999998,220.65200000000146
171.92,-0.1605,-0.5443,9.9633,-0.0724,-0.0724,-0.2373,52.5533058,-1.4636226,219.59200000001567
172.02,0.2745,-0.2975,10.2001,-0.1205,-0.1205,-0.2018,52.5533007,-1.4636298,220.757
172.12,2.4892,1.2469,9.7867,-0.0282,-0.0282,-0.029,52.5532956,-1.4636369,220.09600000000327
172.22,3.9111,1.2317,9.4399,0.0865,0.0865,0.1567,52.5532905,-1.4636439000000003,220.3210000000264
172.32,-0.3711,0.3234,9.9675,0.0431,0.0431,0.1034,52.5532856,-1.4636510999999999,221.23199999997334
172.42,-0.5423,0.218,10.1184,-0.0074,-0.0074,0.0506,52.5532806,-1.463658,220.43700000001175
172.52,0.498,0.887,9.9928,-0.0319,-0.0319,-0.0701,52.5532757,-1.4636649,220.36900000000003
172.62,2.5468,0.519,9.8257,0.0021,0.0021,-0.0731,52.5532707,-1.4636718,220.15499999999696
172.72,1.0374,0.0709,10.3112,-0.0069,-0.0069,0.1689,52.5532656,-1.4636787000000002,219.94599999997624
172.82,-0.9597,-0.833,10.4601,0.1107,0.1107,0.1126,52.5532606,-1.4636855,219.12600000002402
172.92,0.1093,0.5423,9.3905,-0.0058,-0.0058,0.073,52.55325559999999,-1.4636919999999998,218.76500000000533
173.02,0.7793,0.2431,9.4764,-0.0063,-0.0063,-0.0664,52.5532504,-1.4636985,217.804
173.12,0.8537,0.249,10.0582,-0.1036,-0.1036,-0.0476,52.5532454,-1.4637048,217.28099999998543
173.219,1.6181,0.6247,9.4099,0.0793,0.0793,0.1081,52.553240252,-1.4637109380000002,216.28505999997103
173.32,-0.0373,-0.021,9.3078,-0.0279,-0.0279,0.0037,52.5532351,-1.4637169999999997,215.43400000002464
173.42,-1.1836,-0.4691,10.2785,-0.1078,-0.1078,-0.1995,52.55323,-1.4637227000000002,214.38700000001546
173.52,1.1045,0.9187,9.7788,-0.0356,-0.0356,0.002,52.5532248,-1.4637283,213.585
173.62,1.8635,1.4061,9.2974,-0.0232,-0.0232,-0.0668,52.5532197,-1.4637334,211.55699999998888
173.72,0.2185,-0.023,9.9229,0.1284,0.1284,0.0973,52.5532145,-1.4637384000000002,210.7909999999547
173.82,-0.5724,-0.5448,9.9623,0.0153,0.0153,0.0209,52.55320960000001,-1.463743,209.22800000004577
173.92,0.2558,-0.6391,9.6519,-0.0447,-0.0447,-0.0198,52.5532046,-1.4637471,207.16300000003054
174.02,1.2373,0.9866,9.5611,-0.0811,-0.0811,-0.0693,52.5531998,-1.4637509999999998,206.754
174.12,0.9503,-0.0796,9.3952,-0.0595,-0.0595,-0.0132,52.553195200000005,-1.4637547,206.29099999998013
174.22,1.0369,0.0812,10.0959,0.0564,0.0564,-0.0711,52.5531908,-1.4637581,204.91999999996213
174.32,1.244,-0.2817,10.1482,-0.0397,-0.0397,0.0444,52.5531863,-1.4637613,203.61400000003823
174.419,-0.4443,0.7498,9.7249,0.0366,0.0366,-0.038,52.553181944,-1.46376427,202.86358000001113
174.52,0.0179,0.5567,9.5074,-0.0185,-0.0185,0.0349,52.5531775,-1.463767,201.282
174.62,0.841,0.8073,9.8554,0.0644,0.0644,0.0003,52.5531734,-1.4637698,201.60599999998286
174.72,0.2527,0.307,10.1101,0.0269,0.0269,0.0069,52.5531692,-1.4637723,200.42399999994802
174.82,0.0289,-0.0327,10.1192,0.0327,0.0327,-0.0664,52.553165,-1.4637746,198.6310000000525
174.92,0.2043,-0.1641,9.9006,-0.0385,-0.0385,0.0091,52.5531608,-1.4637768,198.03300000000883
175.02,1.0125,0.385,9.62,0.0031,0.0031,0.0851,52.5531567,-1.4637791,198.576
175.12,-0.3033,0.9774,9.4351,0.0547,0.0547,-0.0549,52.5531525,-1.463781,195.9150000000122
175.22,0.7988,1.123,9.7599,0.0337,0.0337,-0.0992,52.5531483,-1.463783,196.75899999995886
175.32,1.5874,1.061,10.06,-0.0114,-0.0114,0.0058,52.5531443,-1.4637848,195.34000000004156
175.42,1.3252,0.6905,9.8694,-0.0289,-0.0289,0.1408,52.5531402,-1.4637865,194.26400000001593
175.52,-0.5097,0.7754,9.8869,-0.0018,-0.0018,-0.0316,52.553136,-1.463788,192.876
175.62,-1.3537,0.1072,10.1507,0.0304,0.0304,-0.1576,52.5531319,-1.4637895,192.7399999999816
175.72,0.4258,0.7598,9.8742,-0.0274,-0.0274,-0.1455,52.5531275,-1.4637909,191.46999999998627
175.82,2.4786,0.9343,9.5063,0.0459,0.0459,0.0904,52.5531232,-1.4637923000000002,190.99600000001388
175.92,1.3947,1.4454,9.4339,0.0201,0.0201,0.1045,52.5531187,-1.4637935,189.9890000000149
176.02,-0.7945,0.9806,9.3973,-0.0742,-0.0742,-0.0477,52.5531141,-1.4637947999999998,189.604
176.12,-1.6116,0.3434,9.9053,-0.0264,-0.0264,-0.1494,52.5531092,-1.463796,188.60199999995368
176.219,1.382,0.7327,9.8929,0.0203,0.0203,0.0537,52.55310425,-1.4637965939999997,185.43696999990794
176.319,2.5874,1.5478,9.0496,0.0448,0.0448,0.1529,52.553099151,-1.463797293,184.71398000002006
176.419,-0.2723,0.7917,9.6308,-0.0086,-0.0086,-0.0368,52.55309385300001,-1.4637980919999998,185.3752499999901
176.519,-1.3029,1.6086,10.1598,0.005,0.005,0.0026,52.553088454,-1.463798793,184.4632800000002
176.62,0.7218,1.0462,10.1905,-0.0123,-0.0123,-0.0086,52.5530829,-1.463799,181.96399999997328
176.72,0.6267,1.5281,9.6107,0.0049,0.0049,0.0312,52.5530773,-1.463799,180.1179999999825
176.82,-0.2229,1.0972,9.8545,-0.0294,-0.0294,-0.0081,52.5530716,-1.4637989,179.5140000000177
176.921,-0.2498,0.6831,10.3776,-0.0038,-0.0038,0.0935,52.553065641,-1.463798698,178.93744999999785
177.02,0.3936,1.0415,10.3657,-0.0225,-0.0225,-0.0705,52.5530598,-1.4637985,179.081
177.12,0.4511,1.478,9.9537,-0.009,-0.009,-0.0129,52.55305380000001,-1.4637980000000002,177.35099999998272
177.221,0.3944,0.6199,10.2548,0.0806,0.0806,0.0609,52.553047637,-1.463797291,176.15129999998092
177.319,-0.6131,0.6377,9.8715,-0.0168,-0.0168,0.0761,52.553041463,-1.4637964090000002,175.49470000001926
177.42,-0.897,-0.4948,10.1554,-0.0796,-0.0796,-0.1366,52.553035,-1.4637955,175.2250000000039
177.52,0.7529,0.8436,9.7962,-0.0046,-0.0046,-0.0974,52.5530286,-1.4637946,174.979
177.62,0.7949,0.6788,9.6555,0.0607,0.0607,-0.0992,52.55302210000001,-1.4637936,174.6379999999925
177.719,1.7193,0.533,9.3205,-0.0149,-0.0149,-0.0697,52.553015566,-1.4637924119999997,174.12517999998508
177.82,-0.8906,0.3354,9.7186,0.0342,0.0342,-0.008,52.55300880000001,-1.4637914,174.54899999998744
177.921,-0.8601,0.59,9.8953,-0.0195,-0.0195,0.1048,52.553001931,-1.4637903909999999,175.0019699999942
178.02,0.8183,0.4736,9.5578,0.006,0.006,0.0335,52.5529951,-1.4637895,175.395
178.12,-0.7461,0.0369,9.956,-0.0372,-0.0372,-0.0046,52.5529881,-1.4637886999999998,175.82400000001712
178.22,0.2149,-0.5274,10.1384,-0.0539,-0.0539,0.0268,52.5529812,-1.4637881,177.00400000002168
178.319,0.8814,0.3247,10.3358,0.001,0.001,-0.0343,52.552974171,-1.463787704,177.7435299999785
178.42,0.1611,0.8005,10.4698,0.035,0.035,-0.0068,52.5529671,-1.4637874,178.43599999998986
178.52,0.532,1.3075,9.9112,-0.0219,-0.0219,0.1098,52.55296,-1.4637873,179.40900000000002
178.62,-0.2045,-0.4757,9.8682,0.0007,0.0007,-0.1526,52.5529528,-1.4637875,180.92100000001258
178.72,-0.4635,-0.2157,10.126,-0.0308,-0.0308,0.0395,52.5529456,-1.4637879,181.79000000005786
178.82,-3.3782,-1.4414,10.1227,0.055,0.055,0.25,52.5529385,-1.4637886999999998,183.78599999994157
178.92,2.0445,1.1357,9.185,0.0659,0.0659,0.2188,52.5529313,-1.4637898,185.0649999999811
179.02,3.726,1.4475,8.9984,0.0439,0.0439,0.0154,52.552924,-1.4637912,186.784
179.12,1.528,0.204,9.5495,0.0641,0.0641,0.1864,52.5529169,-1.4637929,188.10700000002316
179.22,-3.8215,-0.7343,10.0717,0.0279,0.0279,0.3218,52.5529099,-1.4637949,189.70500000003594
179.32,-2.7927,-0.602,9.9124,0.0641,0.0641,0.0977,52.5529028,-1.4637972,190.94399999996372
179.42,1.5387,0.3395,8.834,0.1082,0.1082,-0.1534,52.5528958,-1.4637998,192.67199999997445
179.519,1.5778,0.1455,9.219,-0.069,-0.069,-0.0394,52.552888870000004,-1.463802968,195.37667999999948
179.619,-1.0255,0.4398,9.5124,0.0539,0.0539,-0.0094,52.552881969000005,-1.463806366,196.19699000001148
179.719,-2.5421,0.0798,9.8008,-0.0002,-0.0002,0.1448,52.552875365999995,-1.4638101620000001,198.9829400000808
179.82,0.2831,0.7324,9.5371,0.0418,0.0418,0.1238,52.5528687,-1.4638142999999997,200.59799999995354
179.92,1.9535,0.8239,9.2843,0.0024,0.0024,-0.0537,52.55286220000001,-1.4638188,202.46199999997245
180.02,-1.1938,2.84,10.9227,-0.1195,-0.1195,-0.0458,52.5528558,-1.4638238,204.926
180.119,-0.0614,1.174,8.9103,0.0646,0.0646,-0.1712,52.55284966200001,-1.463829146,207.65246000003938
180.22,-2.6935,0.2749,9.7228,0.0139,0.0139,0.1302,52.5528436,-1.4638351000000003,210.2580000000616
180.32,0.5566,0.4305,9.0346,0.1658,0.1658,0.0084,52.5528378,-1.4638411999999998,212.3829999999378
180.42,1.9859,-0.0141,8.5597,0.0374,0.0374,-0.0169,52.5528323,-1.4638478,215.34199999995627
180.52,0.5965,0.104,9.0265,-0.089,-0.089,-0.0146,52.552827,-1.4638548,218.093
180.62,-1.8618,-0.4019,9.677,-0.0237,-0.0237,-0.1502,52.552821900000005,-1.463862,220.37500000004277
180.72,-0.5556,-0.0271,9.6197,-0.005,-0.005,0.1517,52.552817,-1.4638697,223.32500000009983
180.82,1.5491,0.6726,9.3317,0.0965,0.0965,0.0636,52.5528125,-1.4638777999999997,226.7689999998992
180.92,1.1458,0.9935,9.1378,-0.0463,-0.0463,0.0831,52.5528083,-1.4638860999999999,229.48499999995988
181.019,-0.2204,-0.1427,9.5187,-0.0005,-0.0005,-0.075,52.552804439,-1.4638947129999997,232.79159999999933
181.12,-0.7369,-1.2132,10.3319,-0.0346,-0.0346,0.0214,52.5528008,-1.4639038000000002,235.98600000004902
181.22,-0.7768,-0.3739,10.6409,0.111,0.111,0.0144,52.5527975,-1.4639132000000001,239.36900000005858
181.32,1.5519,0.0658,10.1075,-0.0618,-0.0618,0.1222,52.5527944,-1.4639226999999997,241.38899999994086
181.42,2.2015,-0.8307,9.8807,0.0378,0.0378,-0.0963,52.55279169999999,-1.4639325999999997,245.55299999993846
181.52,-0.8745,-0.4745,9.7219,-0.0313,-0.0313,-0.0532,52.5527894,-1.4639427,248.114
181.621,-0.8264,0.131,9.5931,0.0788,0.0788,-0.1109,52.552787183,-1.4639530050000003,250.42008000006032
181.72,0.5787,0.5548,9.7011,-0.0853,-0.0853,0.0523,52.552785500000006,-1.4639634000000001,254.48700000004757
181.82,-0.1839,0.6302,9.653,0.0437,0.0437,-0.0072,52.552784,-1.4639738999999996,256.12799999995195
181.92,-1.1054,-0.4874,9.9402,0.0239,0.0239,0.0231,52.5527828,-1.4639847999999998,259.0239999999572
182.02,-0.0426,-0.2102,10.0571,0.0123,0.0123,0.057,52.5527818,-1.4639958,261.263
182.123,-0.1984,-0.0867,9.9222,0.021,0.021,-0.0707,52.552781294,-1.464007342,264.72489000004236
182.22,-0.7334,-0.4157,9.8676,0.018,0.018,0.081,52.5527811,-1.4640184000000005,267.50200000007476
182.32,-1.1909,0.1629,9.6898,-0.0207,-0.0207,-0.0399,52.5527812,-1.4640298999999997,270.0799999999245
182.42,0.6867,1.2502,9.8986,-0.0464,-0.0464,-0.0781,52.5527815,-1.4640414999999998,271.9339999999726
182.52,-1.8195,-0.7561,10.1186,-0.0006,-0.0006,0.0021,52.5527822,-1.4640531,275.14
182.62,-1.5704,-1.3079,10.0498,0.0154,0.0154,-0.0012,52.55278320000001,-1.4640649000000001,277.4130000000292
182.719,2.0107,0.6086,9.7028,0.0149,0.0149,0.272,52.552784388,-1.4640765820000003,279.405870000058
182.82,3.1427,0.7882,10.0394,0.0803,0.0803,-0.0059,52.552786,-1.4640885999999995,282.16699999991977
182.92,-0.1672,0.3699,10.5744,0.0004,0.0004,-0.1755,52.5527878,-1.4641006999999997,283.382999999982
183.02,2.777,0.7498,9.3462,-0.1757,-0.1757,-0.2251,52.5527898,-1.4641129,284.666
183.12,5.7828,1.9278,9.3306,0.0237,0.0237,0.2115,52.552792100000005,-1.4641252000000002,286.9280000000341
183.22,3.5781,0.8465,9.883,0.019,0.019,0.2657,52.5527948,-1.4641374000000003,289.28000000006284
183.319,-4.2713,-0.134,10.4201,0.1106,0.1106,0.2563,52.55279777,-1.4641495769999997,291.4273099999377
183.419,-0.0912,0.842,10.2372,0.0561,0.0561,0.0937,52.552801067000004,-1.4641617779999998,293.83984999996454
183.52,3.8945,2.1007,9.5839,-0.0604,-0.0604,-0.2413,52.5528048,-1.4641742,295.88
183.62,0.4957,0.6766,9.9596,-0.0036,-0.0036,-0.1588,52.5528089,-1.4641863000000004,298.3610000000378
183.72,-3.1058,-1.1262,10.3148,-0.1061,-0.1061,-0.1091,52.5528133,-1.4641982000000004,300.96900000006764
183.82,-0.3478,1.1913,9.4536,-0.0168,-0.0168,0.0223,52.5528181,-1.4642099999999996,303.30299999993167
183.92,1.7877,0.9925,9.2558,0.0805,0.0805,0.0973,52.552823200000006,-1.4642213999999998,306.1109999999585
184.02,-1.3016,0.2457,9.971,0.0196,0.0196,0.0917,52.5528286,-1.4642326,308.11400000000003
184.121,0.3421,0.3737,10.4893,0.0069,0.0069,-0.0824,52.552834462,-1.464243809,310.4845700000317
184.22,0.0464,0.2818,10.2572,-0.072,-0.072,0.123,52.5528406,-1.4642546000000003,312.62000000004514
184.32,0.6162,0.0697,9.9214,0.0604,0.0604,0.0428,52.552847,-1.4642651999999998,314.17599999995446
184.42,0.717,0.4162,10.5002,-0.1039,-0.1039,0.1161,52.552853600000006,-1.4642755999999997,316.4479999999664
184.52,-1.8345,-0.5481,10.6968,0.0746,0.0746,0.0085,52.5528606,-1.4642859,317.815
184.62,-0.1369,0.1756,10.3061,0.0068,0.0068,0.0651,52.5528678,-1.4642961000000003,318.8510000000117
184.72,0.7053,0.9639,9.8022,0.0341,0.0341,-0.0884,52.5528751,-1.4643062000000002,319.6599999999977
184.82,-0.2116,0.613,10.0513,-0.0305,-0.0305,0.067,52.5528824,-1.4643164999999998,319.5800000000023
184.92,0.4889,0.6791,9.787,0.0158,0.0158,0.0875,52.5528899,-1.4643267999999996,319.50800000000106
185.019,-1.4878,-0.1766,10.2548,0.0693,0.0693,-0.0025,52.552897424,-1.4643373929999999,319.50899000000004
185.119,-1.4996,-0.322,9.6847,-0.0095,-0.0095,-0.0275,52.552905024,-1.4643480930000004,319.27139999999656
185.22,-1.2014,0.1511,9.4548,0.0535,0.0535,-0.0628,52.5529128,-1.4643591,318.93499999998204
185.32,-1.7086,0.5481,9.9474,0.0055,0.0055,0.0407,52.552920500000006,-1.4643702999999997,318.3160000000181
185.42,-0.3955,0.5053,10.2099,0.0741,0.0741,-0.0167,52.5529281,-1.4643817999999993,317.5780000000109
185.519,0.3448,0.966,9.6463,-0.0155,-0.0155,0.065,52.55293562400001,-1.4643934820000002,316.63948000000016
185.62,-1.1741,0.533,9.1598,0.0189,0.0189,0.0229,52.5529433,-1.4644056000000003,316.2389999999847
185.72,-0.5957,-0.3931,9.5134,0.061,0.061,-0.0564,52.552951,-1.4644180000000004,315.18199999997427
185.82,-0.7944,-0.1495,9.7225,-0.0427,-0.0427,0.044,52.5529584,-1.4644305999999996,314.29300000002604
185.92,0.8619,0.675,9.0286,0.0064,0.0064,0.0527,52.5529659,-1.4644434999999998,313.63400000000973
186.02,-0.8388,1.0373,10.4245,-0.0578,-0.0578,0.0317,52.5529735,-1.4644568999999998,312.867
186.121,-1.2266,0.9207,10.2221,0.0251,0.0251,-0.0125,52.552980974,-1.4644706400000005,311.7823099999872
186.219,-1.5288,0.2609,9.2979,0.1216,0.1216,-0.1588,52.552988226000004,-1.4644843600000004,310.930689999975
186.322,1.1646,0.711,9.424,0.0475,0.0475,0.1807,52.552995744,-1.4644991939999996,309.6788200000248
186.42,2.5014,0.6872,9.2197,0.0381,0.0381,0.0582,52.5530028,-1.4645135999999999,308.83700000001267
186.52,1.9939,1.5016,9.9392,-0.053,-0.053,-0.1504,52.5530099,-1.4645286999999998,307.779
186.619,0.8511,0.0411,9.8508,-0.0934,-0.0934,-0.1153,52.553016928999995,-1.464543946,307.227569999992
186.72,-0.9726,-0.0444,10.0589,0.0582,0.0582,0.0377,52.553024,-1.4645599000000005,306.06799999997736
186.82,0.252,0.1453,10.4779,0.0737,0.0737,0.0066,52.5530309,-1.4645758999999996,305.28800000002286
186.92,1.457,1.7205,9.8347,-0.1122,-0.1122,0.0038,52.5530378,-1.4645923999999997,304.3690000000136
187.02,1.6448,2.218,9.6131,-0.1071,-0.1071,-0.107,52.553044500000006,-1.4646091,303.438
187.12,0.2734,1.0622,9.5654,0.0358,0.0358,-0.0953,52.5530511,-1.4646262000000003,302.55299999998493
187.22,0.9655,0.8361,9.6184,0.0038,0.0038,0.005,52.5530576,-1.4646436000000005,301.5129999999798
187.32,0.7839,1.3473,9.8777,-0.039,-0.039,0.0597,52.55306399999999,-1.4646611999999997,300.81700000002036
187.421,1.7275,1.7544,9.8758,0.0592,0.0592,0.0474,52.553070563999995,-1.4646793819999997,300.61375000000913
187.519,2.1947,2.7092,10.1869,-0.0979,-0.0979,-0.0684,52.553076836,-1.464697218,300.00125000000014
187.62,0.9787,2.7444,10.5359,-0.0161,-0.0161,0.1136,52.5530833,-1.4647157000000002,299.8969999999875
187.719,0.1681,1.9581,9.6426,0.0276,0.0276,0.0303,52.553089537000005,-1.4647341140000005,299.04262999997513
187.819,0.8404,3.4009,9.4478,0.0839,0.0839,0.0838,52.553095837,-1.4647530109999995,298.63503000001157
187.922,0.3046,1.7737,9.524,0.0345,0.0345,-0.0261,52.553102224,-1.4647727839999998,298.0800000000043
188.02,2.3977,2.9599,9.6788,-0.019,-0.019,0.2198,52.5531083,-1.4647916,297.786
188.12,0.4669,1.3471,10.0681,0.0583,0.0583,0.076,52.553114400000005,-1.4648111000000001,297.32299999999424
188.22,-1.7977,0.3707,10.5047,0.0036,0.0036,-0.0007,52.5531205,-1.4648308000000008,296.92600000000084
188.32,-0.5198,1.3049,10.1652,-0.0488,-0.0488,-0.0741,52.553126600000006,-1.4648505999999992,296.95599999999916
188.419,-2.0289,0.0301,10.5558,0.02,0.02,0.133,52.553132738,-1.4648703009999997,296.9955999999994
188.519,-1.599,0.9742,10.0703,0.0025,0.0025,-0.0126,52.553139037,-1.464890399,296.89997
188.62,3.3113,1.1526,9.2478,0.0386,0.0386,-0.2019,52.5531453,-1.4649108000000002,296.90199999999703
188.72,1.7821,0.8613,9.6477,-0.0234,-0.0234,0.0308,52.5531516,-1.4649313000000006,296.69699999999784
188.82,-1.8187,-0.2521,10.6997,0.0418,0.0418,0.1653,52.5531579,-1.4649517999999992,296.62200000000223
188.92,-1.2561,0.5745,10.5147,0.0462,0.0462,0.0919,52.5531642,-1.4649724999999996,296.63199999999983
189.02,2.1532,1.366,10.3336,-0.006,-0.006,0.0523,52.5531706,-1.4649933,296.486
189.12,1.3521,1.5184,9.4595,-0.0214,-0.0214,-0.2048,52.5531769,-1.4650143000000002,296.3999999999986
189.22,0.1408,2.1346,9.6875,-0.0034,-0.0034,-0.057,52.5531833,-1.4650356000000007,296.30600000000055
189.32,-1.8248,-0.8539,9.9014,0.034,0.034,0.0713,52.5531898,-1.4650567999999993,296.32599999999945
189.42,1.5888,-0.2086,9.7233,-0.0259,-0.0259,0.1291,52.5531961,-1.4650782999999996,296.0800000000036
189.52,2.8164,0.0561,9.3852,0.0457,0.0457,-0.1462,52.5532026,-1.4650998999999998,296.101
189.62,1.4177,-0.8001,10.336,-0.0502,-0.0502,-0.1422,52.5532091,-1.4651216000000002,296.0359999999989
189.72,0.0191,-1.8999,10.0324,-0.0219,-0.0219,-0.203,52.5532156,-1.4651436000000009,295.96199999999726
189.82,1.5773,-0.792,9.4904,0.0241,0.0241,-0.0669,52.5532221,-1.4651655999999993,295.8680000000027
189.92,4.7414,0.7097,8.925,0.0979,0.0979,0.1943,52.5532287,-1.4651876999999998,296.0299999999976
190.02,1.3301,-0.4548,10.1976,-0.0158,-0.0158,0.0267,52.5532353,-1.46521,295.85200000000003
190.119,-0.4906,-2.0856,11.14,-0.0941,-0.0941,-0.0699,52.553241932999995,-1.4652322750000002,295.87774000000036
190.219,0.3628,-0.9861,10.295,-0.1159,-0.1159,-0.1323,52.553248632999995,-1.4652549730000008,295.94235000000185
190.32,3.0208,-0.1817,10.1007,0.0284,0.0284,-0.0698,52.5532555,-1.4652777999999993,295.96999999999923
190.42,3.6407,-0.059,9.2751,0.0736,0.0736,0.0826,52.5532622,-1.4653007999999996,295.7280000000036
190.522,0.8633,-1.6849,10.1934,0.0486,0.0486,0.1064,52.553269236,-1.465324364,295.86334000000005
190.62,1.5679,-1.831,9.5928,-0.0577,-0.0577,0.0788,52.5532759,-1.4653471000000005,295.928999999996
190.72,1.5928,-0.8066,9.5645,-0.0734,-0.0734,-0.1109,52.553282800000005,-1.4653704000000007,295.65100000000626
190.82,1.5536,0.2802,9.5393,-0.0199,-0.0199,-0.0905,52.5532897,-1.4653938999999991,295.8669999999937
190.919,1.8834,-0.4844,9.8644,-0.0883,-0.0883,0.0236,52.55329663,-1.4654173629999998,295.6739500000029
191.019,-0.2063,-1.7999,9.6959,-0.0006,-0.0006,0.114,52.55330363,-1.465441162,295.71358
191.12,-1.3641,-2.1057,9.7766,-0.0528,-0.0528,-0.1602,52.5533107,-1.4654654000000005,295.57100000000145
191.22,1.4653,-0.2028,9.0729,-0.1014,-0.1014,-0.0758,52.5533177,-1.4654894000000007,295.6679999999986
191.32,2.0036,0.816,9.1062,0.0333,0.0333,0.0579,52.5533248,-1.4655136999999991,295.6180000000015
191.42,0.4988,-0.6801,10.2501,0.0589,0.0589,0.0922,52.553332,-1.4655381999999995,295.49100000000186
191.52,-1.7081,-1.7136,9.7785,-0.0031,-0.0031,-0.0173,52.5533392,-1.4655626,295.768
191.619,-1.0837,-0.5437,9.5378,0.0373,0.0373,-0.0159,52.553346427,-1.4655869540000004,295.88086000000163
191.72,1.0329,-0.4887,9.5356,-0.0084,-0.0084,-0.1196,52.553353900000005,-1.4656119000000007,296.0660000000045
191.82,-0.711,-1.0431,9.4997,-0.0927,-0.0927,-0.0081,52.5533613,-1.4656366999999992,296.2229999999954
191.919,-1.7275,-1.2587,9.904,0.0178,0.0178,0.0716,52.553368725,-1.4656613509999996,296.22003000000007
192.019,-2.3934,-1.746,10.0918,-0.0784,-0.0784,0.0486,52.553376224999994,-1.4656865479999999,296.09427000000005
192.119,-2.4235,-0.8533,9.8836,0.0439,0.0439,-0.0892,52.553383824,-1.4657117480000004,296.1058700000002
192.22,-0.9129,-0.5307,9.7753,-0.0255,-0.0255,-0.0752,52.5533914,-1.4657374000000007,295.894000000004
192.32,-0.7124,-0.0761,9.4502,-0.0049,-0.0049,0.1379,52.553399,-1.4657629999999993,296.03099999999597
192.42,-2.2755,-1.1273,10.1688,0.0103,0.0103,0.0768,52.5534066,-1.4657887999999994,295.83000000000294
192.52,-2.7265,-1.944,9.9454,0.0357,0.0357,0.0056,52.5534142,-1.4658145,295.811
192.622,-2.456,-0.8789,9.4551,0.0543,0.0543,-0.0171,52.553421952,-1.4658409200000004,295.70229999999873
192.72,-2.2631,-1.4698,9.8276,-0.0629,-0.0629,-0.0297,52.553429400000006,-1.4658664000000006,295.6189999999969
192.82,-2.2151,-1.1945,10.1111,0.0075,0.0075,0.0309,52.553437,-1.4658924999999994,295.5120000000031
192.92,-2.4839,-0.1154,9.9114,-0.0216,-0.0216,-0.0043,52.553444600000006,-1.4659184999999995,295.6069999999986
193.02,-1.8882,0.2945,9.7566,0.0426,0.0426,0.0566,52.5534522,-1.4659447,295.346
193.119,-3.1195,-0.6179,9.6474,0.0271,0.0271,-0.0242,52.553459724,-1.4659706380000004,295.31629999999956
193.219,-3.0998,-0.9732,9.1467,-0.0557,-0.0557,0.0193,52.553467225,-1.4659969370000006,295.12393999999443
193.32,-4.253,-0.8013,9.878,0.0208,0.0208,0.014,52.5534747,-1.4660236999999994,294.79400000000965
193.42,-3.3027,-1.4527,9.9424,-0.059,-0.059,0.0264,52.5534821,-1.4660500999999995,294.56400000000343
193.52,-1.9678,-0.1484,9.5395,0.0397,0.0397,-0.0045,52.5534894,-1.4660766,294.34
193.62,-3.6056,-1.4112,9.4318,0.113,0.113,0.0077,52.5534966,-1.4661035000000004,293.9089999999986
193.719,-3.9386,-1.575,9.6855,0.0305,0.0305,0.0845,52.553503728,-1.4661299330000006,293.8169299999973
193.82,-4.3081,-1.0318,9.741,-0.0514,-0.0514,-0.0749,52.553511,-1.466157099999999,293.57600000000707
193.92,-2.8169,-0.0443,9.7182,-0.0615,-0.0615,-0.1147,52.5535181,-1.4661840999999995,293.372000000003
194.02,-2.5487,0.2023,9.6304,-0.0532,-0.0532,0.0392,52.5535251,-1.4662112,292.976
194.119,-4.9833,-0.3588,9.9293,-0.0146,-0.0146,0.0978,52.55353203,-1.4662382270000003,292.81066999999763
194.22,-4.7208,-0.3093,10.2299,0.0439,0.0439,0.0061,52.553539,-1.4662658000000008,292.754999999993
194.32,-2.2671,0.311,9.2945,-0.06,-0.06,-0.0308,52.5535459,-1.466293099999999,292.51400000000706
194.42,-3.3341,0.5793,9.3557,-0.0156,-0.0156,-0.1186,52.5535529,-1.4663204999999995,292.5439999999996
194.52,-4.8156,-0.5582,9.3206,0.0502,0.0502,0.0047,52.5535598,-1.4663479,292.492
194.62,-7.2376,0.215,9.7555,-0.012,-0.012,0.1187,52.553566700000005,-1.4663754000000004,292.4720000000006
194.72,-4.8923,0.6597,9.3323,0.055,0.055,-0.0571,52.5535737,-1.4664030000000008,292.5140000000045
194.819,-3.2833,0.1044,9.9219,-0.0159,-0.0159,0.0198,52.553580630000006,-1.4664302249999994,292.6664599999956
194.92,-3.6224,0.1169,9.8793,-0.0216,-0.0216,-0.1061,52.5535878,-1.4664580999999997,292.69099999999963
195.021,-4.7146,-0.2672,9.8697,-0.0242,-0.0242,-0.0381,52.553594971,-1.466485977,292.85588
195.12,-6.0033,-0.4523,10.5249,-0.0421,-0.0421,-0.0727,52.553602,-1.4665134000000004,292.84400000000494
195.22,-1.7727,-0.05,9.5463,-0.0751,-0.0751,-0.122,52.55360929999999,-1.466541100000001,293.1850000000049
195.32,-2.338,-0.0452,9.9125,0.0315,0.0315,-0.0456,52.553616600000005,-1.466568699999999,293.3539999999951
195.42,-4.0157,-0.5431,10.1722,-0.0406,-0.0406,0.0097,52.553623900000005,-1.4665964999999996,293.4089999999992
195.52,-4.8465,-0.3109,10.4167,0.0606,0.0606,0.0111,52.5536313,-1.4666243,293.499
195.62,-3.8927,-1.2188,10.2689,-0.0186,-0.0186,0.0596,52.5536388,-1.4666520000000003,293.8440000000004
195.72,-1.5428,-0.3527,10.0248,-0.0419,-0.0419,-0.0999,52.5536463,-1.466679800000001,293.8719999999993
195.82,-4.7001,-1.4678,10.1951,0.0505,0.0505,-0.0588,52.5536538,-1.466707699999999,293.84600000000074
195.92,-5.744,-0.5754,10.4139,-0.0321,-0.0321,-0.0195,52.5536615,-1.4667355999999996,294.1669999999953
196.02,-3.0793,-1.0921,9.7754,0.0322,0.0322,0.0874,52.5536692,-1.4667636000000002,294.273
196.12,-2.7203,0.1687,10.056,0.0197,0.0197,0.0057,52.553677,-1.4667915000000005,294.3840000000006
196.22,-3.8412,-2.7925,10.3257,-0.006,-0.006,0.0246,52.5536847,-1.466819600000001,294.42300000000705
196.32,-1.3772,-2.6799,9.7055,0.032,0.032,-0.0232,52.5536926,-1.466847699999999,294.66699999999287
196.42,-1.9296,0.1734,10.0778,-0.0371,-0.0371,0.0987,52.5537006,-1.4668757999999995,294.84199999999737
196.52,-4.8339,-1.6674,10.7266,0.0757,0.0757,0.0742,52.5537086,-1.4669041,294.749
196.619,-1.2366,-2.2118,9.3401,0.1197,0.1197,-0.0034,52.55371652,-1.4669320180000005,294.95888000000303
196.719,0.4534,-0.5891,9.0345,-0.0771,-0.0771,-0.1121,52.55372452,-1.4669602180000008,295.0243600000018
196.819,-3.0183,-1.2197,9.8348,-0.0793,-0.0793,-0.3265,52.553732618999994,-1.4669886159999992,294.9260000000029
196.919,-8.509,-2.7902,10.464,-0.0673,-0.0673,-0.1582,52.553740719,-1.4670171149999993,294.9309399999999
197.02,-6.0874,-0.6686,10.2305,-0.0014,-0.0014,0.1559,52.5537489,-1.4670459,295.023
197.12,2.1445,-0.6615,9.411,0.0296,0.0296,0.3097,52.553757,-1.4670744000000004,295.05400000000037
197.22,-2.6204,-2.109,9.787,0.0339,0.0339,0.0206,52.5537652,-1.4671030000000014,295.07699999999755
197.32,-6.5784,-4.502,9.9016,-0.0647,-0.0647,-0.3967,52.5537734,-1.467131699999999,294.99300000000244
197.42,-6.8481,-3.6241,9.0561,-0.0473,-0.0473,-0.3158,52.5537815,-1.4671605999999995,294.82700000000244
197.52,-0.987,-0.7674,8.9776,-0.0221,-0.0221,0.2952,52.5537898,-1.4671894,295.062
197.62,0.5102,-0.5181,9.2898,0.1602,0.1602,0.21,52.5537981,-1.4672182000000007,295.1769999999972
197.72,-1.9599,-5.676,10.9444,0.1837,0.1837,0.0682,52.553806300000005,-1.467247200000001,294.981000000004
197.82,-0.028,-4.2854,10.5011,-0.0524,-0.0524,0.0295,52.5538146,-1.467276199999999,295.118999999996
197.92,0.9646,1.5786,9.7152,0.1203,0.1203,-0.1399,52.5538229,-1.4673051999999995,295.188999999999
198.02,-1.4302,-6.1268,9.3194,0.0581,0.0581,-0.2266,52.5538314,-1.4673342,295.421
198.12,-0.185,-2.1508,9.3223,0.0018,0.0018,0.0567,52.5538398,-1.4673633000000004,295.41500000000025
198.222,0.403,-0.3142,9.0104,0.1528,0.1528,0.151,52.553848470000005,-1.467393084000001,295.4340200000028
198.319,0.2848,-3.1836,9.9226,0.0049,0.0049,-0.2739,52.55385671499999,-1.4674214079999992,295.5319899999971
198.42,0.8244,-3.8011,9.9622,-0.0091,-0.0091,-0.2256,52.55386539999999,-1.4674508999999996,295.67099999999795
198.519,0.5548,-0.0432,10.0559,-0.014,-0.014,0.0296,52.553873814999996,-1.467479808,295.61259
198.62,0.5283,3.5159,9.5987,-0.0147,-0.0147,-0.1061,52.5538826,-1.4675095000000002,295.63800000000094
198.72,0.9981,2.7527,10.0645,0.0583,0.0583,-0.0618,52.5538912,-1.467538800000001,295.70300000000225
198.82,1.1016,-1.0209,10.0733,-0.037,-0.037,0.033,52.5538998,-1.4675681999999992,295.78099999999773
198.919,1.2421,0.5884,9.4425,-0.027,-0.027,-0.1796,52.553908413,-1.4675973059999998,295.78396999999995
199.02,0.8568,2.0135,9.3942,-0.0188,-0.0188,0.0539,52.5539172,-1.467627,295.851
199.119,0.3826,3.1273,8.9844,0.0907,0.0907,0.1792,52.553925813000006,-1.4676561060000004,295.713389999998
199.22,0.873,0.6103,10.1121,0.0622,0.0622,0.1212,52.553934600000005,-1.4676859000000009,295.7409999999988
199.32,0.8822,0.9045,9.8533,0.0402,0.0402,0.1349,52.5539433,-1.4677154999999993,295.7000000000012
199.42,2.708,4.7353,9.5314,-0.1016,-0.1016,0.0464,52.553952,-1.4677450999999995,295.7789999999988
199.52,1.9254,0.4653,10.4656,-0.1309,-0.1309,-0.0712,52.553960800000006,-1.4677748000000002,295.835
199.62,0.2167,1.4785,10.0209,0.082,0.082,0.0824,52.5539695,-1.4678044000000003,295.7959999999986
199.72,2.2683,2.397,9.776,0.0818,0.0818,-0.0777,52.5539782,-1.4678341000000008,295.70300000000645
199.819,1.4461,1.392,9.5915,-0.0102,-0.0102,0.1367,52.553987011000004,-1.467863601999999,295.92475999999357
199.92,1.3407,2.4664,8.9602,-0.0504,-0.0504,-0.0423,52.5539959,-1.4678935999999996,295.79400000000203
200.02,2.2872,3.6344,9.5659,-0.1061,-0.1061,0.0127,52.5540047,-1.4679234,295.832
200.12,1.7944,3.1023,9.1016,0.0609,0.0609,0.0786,52.5540135,-1.4679533000000005,295.90400000000227
200.22,1.4077,3.1217,10.3086,-0.0095,-0.0095,-0.1254,52.5540224,-1.467983100000001,296.06000000000057
200.32,-0.3651,-0.4126,9.6918,0.073,0.073,-0.1384,52.554031300000005,-1.4680129999999991,296.0799999999994
200.42,-1.7035,-2.2593,9.6675,-0.0597,-0.0597,0.2642,52.5540403,-1.4680428999999995,296.05800000000033
200.52,0.8255,1.1668,9.2894,-0.0416,-0.0416,0.2797,52.55404910000001,-1.4680727,295.998
200.62,3.0299,5.9127,9.5139,0.0661,0.0661,0.0468,52.5540581,-1.4681026000000004,296.0190000000009
200.719,2.7609,6.4776,9.7524,-0.0517,-0.0517,-0.3218,52.55406691100001,-1.4681322010000009,296.0803800000018
200.82,0.1526,-0.6506,9.616,0.0498,0.0498,-0.0829,52.554076,-1.468162499999999,296.0929999999997
200.92,-0.6671,-2.0627,10.0556,0.0284,0.0284,0.3321,52.554085,-1.4681924999999996,296.21799999999814
201.021,0.7396,0.2881,10.1676,0.0576,0.0576,0.4649,52.55409408899999,-1.4682226999999997,296.26752
201.12,6.424,4.2372,9.3443,0.0877,0.0877,0.0529,52.5541029,-1.4682524000000003,296.1210000000005
201.22,3.4632,1.7491,10.1017,-0.1471,-0.1471,-0.2387,52.554112,-1.468282400000001,296.156999999999
201.32,2.0395,-2.6849,10.9803,-0.0859,-0.0859,-0.0126,52.5541209,-1.4683123999999992,296.124000000001
201.42,0.5184,-1.2666,10.973,0.1608,0.1608,0.066,52.55412990000001,-1.4683424999999997,296.0630000000009
201.52,2.4535,-0.4761,9.574,0.0565,0.0565,0.2077,52.5541389,-1.4683727,296.021
201.62,3.3751,1.4718,8.7871,-0.1377,-0.1377,-0.0203,52.554148000000005,-1.4684028000000005,296.21500000000117
201.72,2.0883,-0.6019,8.279,-0.1459,-0.1459,-0.0499,52.554157,-1.468432900000001,296.298999999992
201.82,-1.0335,-1.4568,9.3715,0.0522,0.0522,-0.1505,52.554166,-1.4684629999999992,296.0230000000081
201.92,-0.9674,0.8447,9.4158,0.0262,0.0262,0.0605,52.554175,-1.4684931999999997,295.93000000000137
202.02,1.6926,0.1963,9.3023,-0.1048,-0.1048,0.2807,52.55418399999999,-1.4685236000000002,295.962
202.12,1.6443,0.2371,9.4131,-0.0435,-0.0435,0.1422,52.5541931,-1.4685540000000004,296.1739999999996
202.22,1.0076,0.0656,10.1574,0.0058,0.0058,0.012,52.554202100000005,-1.4685841000000008,296.1429999999941
202.32,-0.2425,0.3932,9.7949,0.0361,0.0361,-0.0676,52.554211200000005,-1.468614599999999,295.9410000000059
202.42,1.2593,-0.0631,9.646,0.0372,0.0372,0.0918,52.5542203,-1.4686450999999996,295.9879999999993
202.52,1.3791,-0.0442,10.2729,0.0435,0.0435,-0.1857,52.5542294,-1.4686755,296.064
202.62,1.3049,-0.2468,9.9807,0.027,0.027,0.1647,52.5542384,-1.4687061000000003,295.83000000000004
202.72,0.3891,-1.3916,9.8756,0.0145,0.0145,-0.0906,52.5542474,-1.468736700000001,295.8329999999972
202.82,0.466,-1.4503,9.232,-0.0453,-0.0453,0.0412,52.5542565,-1.468767399999999,295.73500000000286
202.921,1.0761,-0.057,8.8895,0.092,0.092,-0.0531,52.554265591000004,-1.4687985069999996,295.76276000000036
203.02,-0.1492,-1.8775,9.5994,0.0524,0.0524,0.1323,52.5542746,-1.4688289,295.73900000000003
203.12,0.1966,-2.367,10.4418,0.0692,0.0692,-0.0726,52.5542836,-1.4688598000000004,295.5780000000022
203.22,1.5003,-0.0471,10.8451,-0.049,-0.049,0.0741,52.554292700000005,-1.4688907000000009,295.73200000000014
203.32,2.7063,0.257,10.3165,0.0668,0.0668,-0.1239,52.5543018,-1.4689216999999992,295.7349999999999
203.42,2.7823,-0.4879,10.3309,-0.0307,-0.0307,0.1521,52.554311,-1.4689525999999997,295.92099999999726
203.52,-0.1544,-1.1895,9.9393,0.0827,0.0827,0.0346,52.5543201,-1.4689835,295.905
203.619,-1.4506,-1.1321,9.7575,-0.0493,-0.0493,0.166,52.55432920799999,-1.4690141900000004,295.8139199999987
203.719,0.1712,-1.1326,9.5423,-0.0198,-0.0198,-0.0046,52.554338408,-1.469045190000001,295.983280000005
203.82,0.6581,0.7566,9.2986,-0.0744,-0.0744,0.0378,52.5543477,-1.469076499999999,296.00999999999925
203.921,1.2571,-0.2748,9.6009,0.0068,0.0068,-0.0103,52.554357093,-1.469107709999999,296.1334199999994
204.02,-2.2958,-0.981,9.5988,0.1965,0.1965,0.0594,52.5543663,-1.4691384,296.175
204.12,-4.1963,-2.9966,10.9126,0.1173,0.1173,0.0658,52.55437559999999,-1.4691694000000004,296.10500000000184
204.22,-2.0741,2.0597,9.665,0.041,0.041,-0.2442,52.5543849,-1.469200300000001,296.22999999999985
204.32,4.9421,3.244,9.5194,-0.0695,-0.0695,-0.3659,52.5543942,-1.469231199999999,296.22400000000016
204.42,1.1821,-0.5717,9.9709,-0.138,-0.138,-0.1763,52.5544034,-1.4692620999999995,296.22100000000006
204.52,-3.1401,-2.4183,10.748,0.0844,0.0844,0.4234,52.55441270000001,-1.4692929,296.284
204.62,-2.2034,-2.2208,10.4244,0.0657,0.0657,0.208,52.554422,-1.4693237000000003,296.30499999999813
204.719,4.0909,3.8649,9.5329,-0.0111,-0.0111,-0.0406,52.55443120700001,-1.4693541920000008,296.1772899999963
204.82,5.0745,2.5334,9.6366,-0.0274,-0.0274,-0.3574,52.554440500000005,-1.469385299999999,296.2119999999989
204.922,-2.3221,-0.6836,10.6014,-0.0781,-0.0781,-0.0267,52.554449882,-1.4694165159999997,296.1371400000042
205.021,-2.2151,-2.9415,11.0116,0.0121,0.0121,0.2195,52.55445889000001,-1.469447007,295.84936000000005
205.12,-1.5615,-1.7191,10.5967,0.0787,0.0787,0.1717,52.5544678,-1.4694774000000004,295.78600000000256
205.22,0.8156,-0.2535,9.5056,-0.0169,-0.0169,0.127,52.5544769,-1.469508000000001,295.9630000000003
205.32,1.3089,1.2311,9.7446,-0.0495,-0.0495,-0.2262,52.554486,-1.4695384999999992,295.97299999999973
205.42,-0.7841,-0.5607,10.1078,0.0014,0.0014,-0.1223,52.554495,-1.4695689999999995,295.8710000000015
205.519,-1.2046,-1.6501,10.2449,-0.0111,-0.0111,0.0419,52.55450391,-1.469599195,295.80467000000004
205.62,3.9223,0.8767,10.2927,0.0719,0.0719,0.0734,52.55451300000001,-1.4696298000000005,295.7899999999978
205.72,2.8333,-0.1719,9.8227,0.0971,0.0971,0.1301,52.5545218,-1.469660200000001,295.6380000000034
205.82,-1.9744,-1.3661,10.3044,0.007,0.007,-0.0108,52.5545308,-1.4696904999999991,295.7549999999966
205.92,-3.4645,-0.0861,10.005,-0.0146,-0.0146,-0.1669,52.5545397,-1.4697205999999994,295.8569999999985
206.02,-0.5114,1.003,9.5913,-0.0889,-0.0889,-0.2427,52.5545486,-1.4697508,295.789
206.12,3.5509,2.9411,8.6885,0.0385,0.0385,0.254,52.5545575,-1.4697808000000006,295.8850000000004
206.22,1.6188,-0.7307,9.4152,0.0685,0.0685,0.1772,52.5545664,-1.469810700000001,295.91400000000124
206.32,-0.9063,-1.3501,9.8339,-0.059,-0.059,-0.0349,52.5545752,-1.4698404999999992,295.95699999999874
206.42,-0.468,-0.9102,9.7505,-0.0161,-0.0161,-0.1981,52.55458410000001,-1.4698703999999996,295.9310000000004
206.52,0.6635,0.3107,9.7211,-0.1129,-0.1129,0.0375,52.554593,-1.4699,296.226
206.619,2.4515,3.544,9.5295,0.017,0.017,0.2109,52.554601811000005,-1.4699293040000003,296.2883700000009
206.719,1.306,-0.2505,10.0142,0.1427,0.1427,0.0231,52.554610711,-1.469958805000001,296.27513999999957
206.82,-0.9602,-0.8463,11.0187,0.042,0.042,-0.0095,52.5546197,-1.469988499999999,296.3739999999971
206.919,-0.3813,1.4922,10.897,-0.0832,-0.0832,-0.0693,52.55462861,-1.4700175069999997,296.52546999999777
207.02,-0.3351,-0.3889,10.4282,0.0907,0.0907,0.0297,52.5546375,-1.4700469,296.571
207.12,1.0266,1.2296,10.1801,0.0611,0.0611,-0.1338,52.5546464,-1.4700760000000004,296.5139999999988
207.22,-0.8303,0.1995,10.363,0.0224,0.0224,0.1305,52.5546553,-1.4701052000000008,296.4329999999985
207.32,2.3209,-0.5686,10.0543,-0.0544,-0.0544,0.0476,52.5546641,-1.470134199999999,296.3820000000015
207.419,1.8986,-1.5245,10.3659,-0.1185,-0.1185,0.0609,52.554672713,-1.4701628109999996,296.29389000000134
207.519,0.1544,2.2809,9.8697,0.0235,0.0235,-0.1796,52.554681314,-1.470191711,296.09797000000003
207.62,2.5072,2.5696,8.7802,0.0646,0.0646,0.1889,52.55469,-1.4702210000000002,295.9119999999962
207.72,2.7706,2.1696,9.3383,-0.0207,-0.0207,-0.0029,52.5546984,-1.4702499000000007,295.6499999999944
207.82,0.3915,2.0339,10.0568,0.0512,0.0512,-0.1861,52.5547068,-1.4702786999999993,295.4570000000056
207.92,-2.0355,-0.192,9.9001,-0.0898,-0.0898,0.0211,52.5547152,-1.4703075999999997,295.3810000000011
208.02,-0.0918,2.0345,9.2876,-0.0671,-0.0671,0.0303,52.5547236,-1.4703364,295.58
208.12,0.6741,1.5077,9.2702,0.0505,0.0505,0.0596,52.5547319,-1.4703649000000005,295.4909999999958
208.22,-0.6144,0.7918,9.0187,-0.0723,-0.0723,0.1094,52.5547402,-1.4703937000000007,295.1999999999976
208.32,-3.253,-0.5066,9.8437,0.0079,0.0079,-0.1163,52.5547483,-1.4704221999999991,295.1180000000024
208.42,-2.5425,0.6187,10.4142,0.1166,0.1166,-0.0768,52.5547564,-1.4704506999999996,295.05100000000095
208.519,0.4904,0.8126,9.7507,-0.0492,-0.0492,0.1275,52.554764518000006,-1.470478915,295.00744000000003
208.619,0.0121,-0.0907,9.8796,0.0528,0.0528,-0.0441,52.554772718,-1.4705073160000004,295.25351000000353
208.72,0.5007,0.9815,9.4242,-0.0313,-0.0313,0.0449,52.5547809,-1.4705358000000008,295.3099999999958
208.82,-1.6845,-0.3697,9.9282,-0.0863,-0.0863,-0.0926,52.554789,-1.4705640999999992,295.1650000000043
208.92,-0.2811,0.5538,9.9992,0.037,0.037,-0.0906,52.554797,-1.4705921999999993,295.0120000000023
209.02,-0.4022,-0.7437,10.4493,0.0563,0.0563,0.0721,52.554805,-1.4706203,295.036
209.12,-0.6391,-0.6154,10.0847,-0.0846,-0.0846,0.1436,52.554813,-1.4706483000000004,295.1099999999989
209.22,-1.5955,-1.2144,10.3999,0.0402,0.0402,0.0963,52.554821,-1.470676300000001,295.0320000000002
209.32,-0.5308,-0.6414,9.4382,0.0364,0.0364,-0.1697,52.554829,-1.470704199999999,295.03899999999976
209.42,1.1123,0.9804,9.8967,0.0199,0.0199,-0.074,52.554836900000005,-1.4707319999999993,295.0120000000004
209.52,1.2436,1.767,9.8505,-0.0408,-0.0408,0.0259,52.5548447,-1.4707598,294.874
209.62,0.0132,1.1948,10.18,0.0302,0.0302,0.0876,52.5548526,-1.4707875000000004,294.7999999999995
209.72,-1.3053,-2.58,10.2442,-0.0308,-0.0308,0.0741,52.5548604,-1.470815300000001,294.76399999999944
209.82,-0.1182,1.2569,9.2447,0.046,0.046,-0.0716,52.5548681,-1.470842999999999,294.7450000000006
209.92,1.3904,0.3622,9.4621,-0.0882,-0.0882,-0.1448,52.5548761,-1.4708704999999997,295.1719999999937
210.02,-1.6076,-0.0809,10.1352,-0.0622,-0.0622,0.1606,52.554884,-1.4708979,295.452
210.12,-0.9519,-1.5651,10.8597,0.0071,0.0071,0.0908,52.554892,-1.4709253000000007,295.5929999999999
210.22,-0.376,0.8573,9.4567,0.0732,0.0732,-0.1178,52.5549,-1.470952600000001,295.5850000000043
210.32,-1.3292,0.8994,9.7261,0.0389,0.0389,0.057,52.554908,-1.4709796999999991,295.73399999999566
210.42,0.6868,1.17,9.6138,-0.0437,-0.0437,-0.0431,52.554916000000006,-1.4710067999999996,295.7889999999992
210.521,-2.0647,-0.6664,10.4136,0.0017,0.0017,-0.1048,52.55492408,-1.47103407,295.92306
210.62,-0.8568,0.6711,9.2134,-0.1263,-0.1263,0.0396,52.554932,-1.4710608000000005,295.92900000000213
210.72,-1.6407,0.4442,9.3525,-0.0484,-0.0484,0.0042,52.5549401,-1.4710877000000004,296.07500000000203
210.82,-0.4785,2.7136,9.5139,0.1755,0.1755,-0.0712,52.5549481,-1.4711144999999992,296.14499999999794
210.92,-0.6026,-1.2201,9.9677,-0.0046,-0.0046,0.0276,52.554956100000005,-1.4711411999999995,296.27699999999805
211.02,1.4153,-1.2633,9.335,0.0483,0.0483,-0.0553,52.5549642,-1.4711679,296.327
211.119,-1.3508,-0.8449,9.7392,-0.0181,-0.0181,0.154,52.55497212,-1.4711942340000004,296.2903699999995
211.22,0.7247,0.5346,9.2387,0.0156,0.0156,0.1391,52.5549802,-1.4712210000000006,296.3389999999996
211.32,-0.7605,-0.9851,9.9214,-0.0143,-0.0143,0.0988,52.5549882,-1.471247399999999,296.3250000000004
211.419,-0.0338,-0.1541,9.892,-0.0164,-0.0164,-0.0701,52.55499612,-1.4712735359999998,296.33588999999984
211.52,-2.3651,-1.3275,9.5552,0.1356,0.1356,-0.1248,52.5550042,-1.4713001,296.433
211.62,-0.8141,-0.2968,8.8058,-0.0562,-0.0562,0.166,52.5550121,-1.4713264000000004,296.45099999999707
211.72,-1.0697,-0.8163,9.4754,0.1091,0.1091,-0.0996,52.55502,-1.4713526000000006,296.24899999999724
211.82,0.5137,0.4243,10.0399,0.0087,0.0087,-0.035,52.5550279,-1.4713787999999994,296.1530000000028
211.92,-0.4015,0.4466,10.2494,-0.0262,-0.0262,-0.0091,52.5550357,-1.4714048999999993,296.0900000000009
212.021,-0.1354,0.8413,9.7047,-0.0641,-0.0641,-0.0322,52.555043577,-1.471431362,296.01519
212.12,-0.7357,0.6411,9.881,-0.1703,-0.1703,0.0526,52.5550512,-1.4714573000000004,295.8359999999999
212.22,-0.8841,-0.6202,9.1507,0.0513,0.0513,-0.1814,52.5550589,-1.4714834000000008,295.82699999998766
212.32,-1.118,0.6077,8.4707,0.076,0.076,-0.0812,52.5550664,-1.4715094999999994,295.40200000001244
212.42,-2.9243,1.1017,8.8013,-0.1112,-0.1112,0.1126,52.5550739,-1.4715356999999996,295.00500000000585
212.52,-1.6701,1.9119,9.5906,0.0471,0.0471,-0.0225,52.5550813,-1.4715619000000002,294.897
212.62,0.4716,-0.4739,10.3709,-0.0143,-0.0143,-0.0495,52.55508869999999,-1.4715882000000005,294.77200000000164
212.72,0.9308,-1.6602,11.1809,-0.0298,-0.0298,-0.0143,52.5550961,-1.4716144000000007,294.8859999999921
212.82,1.5466,-0.8508,10.4685,-0.0366,-0.0366,0.0522,52.5551035,-1.4716406999999996,294.614000000008
212.92,-2.6516,0.105,10.6672,0.1377,0.1377,0.0878,52.5551108,-1.4716669999999994,294.684999999999
213.02,-0.9547,1.5774,10.1444,0.0262,0.0262,0.0302,52.5551182,-1.4716932,294.611
213.12,-1.1091,0.5669,9.9214,0.0389,0.0389,-0.02,52.5551255,-1.4717195000000003,294.6869999999921
213.22,1.2263,1.7304,9.6233,0.0223,0.0223,0.1273,52.55513270000001,-1.4717458000000008,294.140000000012
213.32,-0.51,0.4946,10.1229,0.0591,0.0591,0.0548,52.5551401,-1.4717720999999993,294.5539999999879
213.42,0.7679,-0.8114,9.9113,-0.0962,-0.0962,0.1549,52.5551475,-1.4717983999999997,294.81499999999613
213.52,0.4462,-1.1441,10.0832,-0.0054,-0.0054,-0.002,52.555155,-1.4718246999999998,294.963
213.62,-0.0727,-0.5902,9.8024,-0.0066,-0.0066,0.0147,52.5551625,-1.4718510000000005,295.0959999999999
213.719,-0.4024,0.9371,9.378,0.0084,0.0084,0.0473,52.555169924999994,-1.4718769380000007,295.0900599999998
213.82,-1.029,-0.1821,9.886,-0.0311,-0.0311,0.0783,52.55517759999999,-1.4719034999999994,295.32199999999324
213.921,-0.2498,2.1405,9.2426,0.0826,0.0826,-0.0466,52.555185277,-1.4719300619999998,295.42788999999874
214.019,-1.4808,0.7645,9.1778,0.0054,0.0054,0.1504,52.555192823,-1.471955738,295.51511
214.119,-1.4301,1.7374,9.2778,0.0688,0.0688,-0.1117,52.555200522999996,-1.4719822350000002,295.54768000000047
214.221,-2.4783,1.3264,9.6817,0.0673,0.0673,-0.0222,52.55520868,-1.4720090620000008,296.30503000001147
214.319,-0.9049,1.3286,9.6186,-0.0831,-0.0831,0.0602,52.55521652,-1.4720347379999994,296.6999699999884
214.42,-0.3837,0.6607,9.6038,0.0074,0.0074,0.0288,52.5552246,-1.4720611999999995,296.4740000000034
214.52,-1.7604,-0.3824,9.1889,-0.0908,-0.0908,0.1572,52.5552326,-1.4720877,296.331
214.62,-2.4166,-0.0424,8.733,-0.0171,-0.0171,-0.1381,52.555240700000006,-1.4721142000000005,296.5610000000041
214.72,-2.7412,0.6587,9.6289,0.0107,0.0107,-0.0508,52.5552489,-1.4721408000000005,296.84700000000424
214.82,-1.2518,2.3054,9.7145,-0.0566,-0.0566,0.0103,52.5552571,-1.4721671999999992,296.9939999999957
214.92,-1.6267,1.6267,10.0858,-0.0892,-0.0892,0.1033,52.5552653,-1.4721936999999994,296.8870000000016
215.02,-0.5645,1.3167,10.5106,0.0663,0.0663,-0.0905,52.5552736,-1.4722204,296.817
215.119,-1.3585,-0.5071,10.1276,0.0585,0.0585,-0.0681,52.555281718,-1.4722468330000003,296.6932499999982
215.22,-1.0125,0.4205,9.4375,-0.0794,-0.0794,-0.07,52.555289900000005,-1.472274000000001,296.51599999999445
215.319,0.3023,1.1462,8.9617,0.0008,0.0008,0.0199,52.555298018,-1.4723007299999993,296.3259200000055
215.419,-0.2581,0.6741,11.3693,0.0297,0.0297,-0.0746,52.55530602,-1.4723278289999995,295.8983000000063
215.519,0.9837,2.5041,8.8354,0.0753,0.0753,-0.1032,52.555313921,-1.472355028,295.48315000000014
215.619,-1.3199,-0.2193,10.1518,-0.0406,-0.0406,-0.2425,52.555321722,-1.4723823270000003,295.1948699999959
215.72,1.4173,0.6556,8.3731,0.0075,0.0075,-0.0324,52.55532960000001,-1.4724100000000009,295.1400000000007
215.82,0.1089,-0.4993,8.5867,-0.0294,-0.0294,-0.0094,52.5553375,-1.4724373999999991,295.1649999999993
215.919,-1.1528,0.9966,9.9989,-0.0239,-0.0239,-0.0194,52.55534542,-1.4724646249999997,295.3481499999973
216.02,1.1572,1.3565,10.7136,0.0519,0.0519,-0.1574,52.5553534,-1.4724923,295.373
216.12,0.0574,-1.6983,11.1003,0.0152,0.0152,-0.0439,52.5553614,-1.4725199000000002,295.36799999999954
216.22,0.2047,1.979,10.1477,0.0279,0.0279,-0.0385,52.5553693,-1.472547300000001,295.3379999999978
216.32,0.9096,0.2191,11.3126,-0.1388,-0.1388,0.0687,52.5553773,-1.472574999999999,295.2610000000023
216.42,1.8685,-0.023,10.9842,0.126,0.126,-0.1174,52.5553852,-1.4726026999999995,295.1450000000017
216.52,0.3988,-0.1767,9.439,0.0181,0.0181,-0.06,52.5553931,-1.4726303,295.24
216.62,0.9786,1.931,8.6386,-0.1038,-0.1038,-0.0628,52.555401100000005,-1.4726580000000005,295.3280000000026
216.72,-0.3862,2.1957,8.9038,-0.0137,-0.0137,0.0188,52.5554093,-1.472685800000001,295.50999999998965
216.82,-2.9553,0.3309,9.5971,0.0268,0.0268,0.0538,52.5554172,-1.4727135999999992,295.1530000000105
216.92,-0.0174,-0.0383,9.4021,0.1024,0.1024,0.0288,52.5554254,-1.4727412999999996,295.761999999991
217.02,-0.9855,0.2834,8.9431,0.148,0.148,-0.039,52.5554333,-1.4727691,295.016
217.119,-0.4172,1.2745,8.8669,-0.124,-0.124,-0.0449,52.555441318999996,-1.4727967210000004,295.5476300000077
217.22,-0.7794,1.16,10.5257,0.0435,0.0435,-0.0014,52.5554496,-1.4728249000000007,295.58900000000057
217.32,-2.8242,0.2054,10.915,0.0817,0.0817,0.1241,52.555457700000005,-1.4728526999999991,295.60899999999947
217.42,-1.3601,1.5766,10.541,-0.093,-0.093,0.0877,52.5554659,-1.4728806999999997,295.5220000000013
217.52,0.6451,-0.3641,10.2433,-0.0294,-0.0294,0.0674,52.5554741,-1.4729088,295.658
217.62,1.9854,-0.0713,10.3989,0.1851,0.1851,-0.1577,52.5554823,-1.4729368000000003,295.8319999999984
217.719,0.3641,0.5564,11.2362,0.0606,0.0606,0.0393,52.555490517,-1.4729645200000008,295.72408999999686
217.82,0.0274,-3.1331,10.8668,0.1936,0.1936,0.1462,52.5554988,-1.4729930999999992,295.3630000000105
217.92,-0.6377,1.6988,9.76,0.0398,0.0398,-0.0599,52.5555071,-1.4730212999999996,295.7459999999943
218.02,0.0905,1.5988,9.4609,0.0635,0.0635,-0.0636,52.5555153,-1.4730495,295.651
218.119,-2.161,2.608,9.3625,-0.0623,-0.0623,0.0834,52.55552341800001,-1.4730775170000003,295.3866699999962
218.219,-1.822,0.9013,9.825,0.0137,0.0137,0.0195,52.555531816,-1.473106015000001,295.5879400000059
218.32,-2.949,0.6552,9.871,-0.1179,-0.1179,0.091,52.5555402,-1.473134799999999,295.6129999999993
218.42,-0.2744,0.816,8.5513,0.0367,0.0367,-0.1361,52.5555485,-1.4731633999999996,295.5180000000014
218.52,-1.4624,2.3624,9.242,-0.0068,-0.0068,-0.0575,52.555556900000006,-1.473192,295.555
218.62,-2.6046,0.818,11.0402,-0.0729,-0.0729,-0.1794,52.5555652,-1.4732207000000004,295.4910000000021
218.72,-0.0754,-0.3289,10.9148,-0.0988,-0.0988,0.1884,52.5555737,-1.4732496000000008,295.6379999999995
218.82,0.612,0.6876,9.762,0.0115,0.0115,-0.057,52.5555821,-1.473278599999999,295.62300000000045
218.92,-2.2202,1.7495,8.3905,-0.177,-0.177,0.1378,52.5555906,-1.4733076999999997,295.59400000000045
219.02,-2.7085,1.5781,8.91,0.1184,0.1184,-0.1671,52.5555992,-1.4733369,295.80400000000003
219.12,-0.9614,1.0842,9.4944,-0.0017,-0.0017,-0.0934,52.5556079,-1.4733662000000005,295.84200000000016
219.22,0.7719,0.6581,9.0332,-0.1087,-0.1087,0.0007,52.5556166,-1.473395500000001,295.8540000000052
219.32,-1.2149,3.8295,9.8702,0.1505,0.1505,0.1875,52.5556254,-1.473424899999999,296.0329999999948
219.42,0.2864,0.7025,9.7654,0.0335,0.0335,-0.0648,52.555634100000006,-1.4734544999999994,295.9390000000014
219.52,-0.4436,-0.1732,9.7116,-0.0669,-0.0669,-0.0593,52.555643,-1.4734842,296.014
219.619,-1.2206,1.8266,9.7184,0.0042,0.0042,-0.1115,52.55565191,-1.4735136030000004,296.3337700000046
219.72,0.296,1.1399,9.7714,-0.1624,-0.1624,0.143,52.5556612,-1.4735436000000008,296.818999999994
219.819,-1.2828,1.3306,9.9894,0.1323,0.1323,-0.054,52.555670209000006,-1.4735732009999993,296.613080000006
219.92,-1.2069,0.6939,10.3298,0.0813,0.0813,0.0171,52.5556795,-1.4736033999999998,296.6389999999996
220.02,1.0197,0.3314,10.9445,-0.0939,-0.0939,0.0309,52.5556889,-1.4736334000000002,297.04
220.12,-0.8615,-0.8871,9.354,-0.0214,-0.0214,-0.0905,52.55569820000001,-1.4736634000000004,296.996000000002
220.22,-1.6602,0.6256,7.6362,-0.2057,-0.2057,0.0553,52.5557075,-1.473693200000001,297.13700000000506
220.32,-1.9872,2.8699,7.2953,0.1064,0.1064,-0.0554,52.555717,-1.473722999999999,297.3119999999949
220.42,-0.5904,2.2725,8.4868,0.1886,0.1886,0.0207,52.5557262,-1.4737527999999995,296.98700000000485
220.52,-4.5379,0.3804,9.3956,0.146,0.146,-0.1911,52.5557355,-1.4737828,296.851
220.62,-2.4776,1.698,8.779,-0.0245,-0.0245,-0.0305,52.5557447,-1.4738126000000005,296.9279999999987
220.72,-1.1617,1.2045,10.0531,0.12,0.12,-0.01,52.5557539,-1.473842400000001,296.83599999999745
220.82,-1.3507,1.1944,9.7362,-0.0168,-0.0168,0.1039,52.555763,-1.473872099999999,296.74800000000255
220.92,-1.6759,-1.5215,9.9461,0.0471,0.0471,-0.0565,52.555772100000006,-1.4739018999999998,296.614000000002
221.02,-1.2283,-0.5554,8.9881,0.0805,0.0805,-0.1557,52.5557812,-1.4739317,296.599
221.12,-2.8533,1.6996,6.6516,-0.2906,-0.2906,0.0664,52.5557903,-1.4739613000000005,296.7000000000002
221.22,-3.8155,3.9939,6.3855,0.3213,0.3213,-0.1647,52.5557994,-1.473991000000001,296.7169999999981
221.319,-2.0051,2.457,7.2611,0.148,0.148,0.1244,52.555808309999996,-1.474020303999999,296.65265000000187
221.42,-1.7138,-1.2117,8.8337,0.1845,0.1845,-0.1943,52.5558173,-1.4740500999999995,296.28400000000545
221.519,-1.2239,0.4535,8.826,0.0469,0.0469,-0.0532,52.555826309000004,-1.474079404,296.64534999999995
221.62,-1.4492,1.4663,8.8241,-0.0415,-0.0415,0.2201,52.5558353,-1.4741091000000004,296.5069999999989
221.72,-1.1559,1.6404,8.3989,0.0856,0.0856,0.0445,52.5558441,-1.4741383000000008,296.4329999999998
221.821,0.2833,0.2036,9.7026,0.0107,0.0107,-0.0365,52.555853086999996,-1.4741676919999989,296.42667000000387
221.919,2.3692,0.0662,10.1061,-0.108,-0.108,0.0599,52.555861613,-1.4741963079999996,296.29633000000194
222.019,-0.8951,0.0387,10.6858,0.0306,0.0306,0.1012,52.555870412,-1.474225409,296.27916
222.119,-0.8058,0.4652,11.0953,0.1171,0.1171,-0.0945,52.555879113,-1.4742543110000006,296.2710799999999
222.22,-0.7391,-0.9277,11.1728,-0.0015,-0.0015,0.0336,52.5558878,-1.474283400000001,296.1770000000018
222.32,-2.239,1.1898,9.5737,0.0496,0.0496,0.0433,52.5558965,-1.474312099999999,296.23699999999826
222.421,-1.5178,0.7697,9.2045,0.0079,0.0079,-0.0847,52.555905286,-1.4743410859999997,296.34963000000056
222.519,-0.3751,1.5931,8.8577,-0.0668,-0.0668,-0.096,52.555913714,-1.4743691140000001,296.31337
222.619,-1.5638,1.5674,9.8947,-0.0187,-0.0187,0.0075,52.555922215,-1.4743977140000004,296.1011399999969
222.72,-0.1981,2.3016,9.6755,0.0568,0.0568,0.0301,52.555930800000006,-1.4744264000000007,296.05199999999707
222.819,-1.36,1.5451,10.5184,0.0627,0.0627,-0.0424,52.555939116,-1.474454515999999,295.95201000000293
222.92,-1.2304,1.4643,9.6602,-0.0241,-0.0241,0.0307,52.5559477,-1.4744829999999995,296.220999999996
223.02,-1.531,0.8368,9.4205,-0.0129,-0.0129,0.0654,52.5559561,-1.4745113,296.123
223.12,-1.5731,1.1964,10.0302,-0.0024,-0.0024,-0.0818,52.5559646,-1.4745395000000003,296.16000000000264
223.22,-0.3069,1.1026,9.8459,-0.0109,-0.0109,0.0354,52.555973,-1.4745674000000009,296.33899999999613
223.32,-0.2924,0.8798,9.3051,0.0093,0.0093,-0.0532,52.55598139999999,-1.4745952999999992,296.2050000000039
223.42,-1.0255,0.2176,9.2836,0.0159,0.0159,0.0537,52.5559898,-1.4746230999999996,296.2499999999993
223.52,-2.2701,-0.0059,8.9788,-0.1164,-0.1164,0.1301,52.5559981,-1.4746509,296.192
223.62,-1.2818,-0.1084,9.4194,0.0125,0.0125,-0.0177,52.5560064,-1.4746785000000004,296.4059999999996
223.72,-1.6211,0.8397,9.2404,0.0631,0.0631,-0.0955,52.5560147,-1.474705900000001,296.37899999999235
223.82,-0.1088,1.7151,8.9344,0.0871,0.0871,0.016,52.5560229,-1.4747333999999992,296.11400000000776
223.92,-1.3107,0.7456,9.0314,-0.0291,-0.0291,0.089,52.5560312,-1.4747607999999996,296.41199999999566
224.02,-2.1086,0.2684,8.764,-0.1026,-0.1026,0.0551,52.5560395,-1.474788,296.36400000000003
224.12,-2.6808,0.3831,9.8333,0.122,0.122,-0.1083,52.5560477,-1.4748152000000005,296.299000000003
224.22,-0.5835,0.7487,9.3798,-0.0202,-0.0202,0.0409,52.5560559,-1.474842200000001,296.50300000000243
224.32,-1.4148,0.1687,9.6707,-0.0132,-0.0132,-0.0442,52.5560642,-1.4748691999999992,296.58699999999754
224.42,-0.7939,1.1939,9.3779,0.0052,0.0052,-0.0465,52.5560722,-1.4748960999999996,296.3530000000035
224.52,-0.8711,1.1121,9.8995,0.0118,0.0118,0.0337,52.5560804,-1.4749229,296.408
224.62,-1.7846,1.4075,10.2876,-0.0126,-0.0126,0.0686,52.5560885,-1.4749497000000003,296.3130000000025
224.72,-0.828,0.4741,9.4455,0.0033,0.0033,-0.0253,52.5560965,-1.474976300000001,296.48399999999765
224.82,-1.5025,-0.0669,9.3614,0.0052,0.0052,-0.0817,52.556104600000005,-1.4750028999999991,296.4020000000024
224.922,-1.2653,1.8026,9.0327,0.0036,0.0036,0.0082,52.556112762,-1.4750299279999997,296.47963999999956
225.02,-1.0848,0.4471,10.1562,-0.0123,-0.0123,-0.0184,52.5561207,-1.4750558,296.511
225.12,-1.5135,-0.2474,10.5031,-0.0217,-0.0217,-0.0581,52.5561286,-1.4750821000000005,296.32900000000234
225.22,-1.7412,0.0107,10.04,-0.0523,-0.0523,-0.0688,52.5561366,-1.4751084000000008,296.487999999995
225.32,-0.555,0.4878,9.4451,-0.004,-0.004,0.0058,52.5561445,-1.4751346999999992,296.31600000000503
225.42,-0.4415,1.4289,9.7102,0.0227,0.0227,0.0465,52.5561523,-1.4751608999999997,296.2010000000017
225.521,0.6983,0.5125,9.6666,-0.0634,-0.0634,-0.1249,52.556160279000004,-1.47518716,296.42108
225.62,1.1251,2.6855,9.6336,-0.024,-0.024,0.106,52.5561681,-1.4752129000000003,296.4289999999974
225.72,0.0959,0.2892,9.754,0.0498,0.0498,0.048,52.5561759,-1.4752389000000006,296.24799999999897
225.82,-0.533,0.3702,9.5236,0.0233,0.0233,-0.0167,52.5561837,-1.4752647999999995,296.21200000000107
225.92,0.2529,0.1418,9.7289,-0.024,-0.024,-0.0809,52.5561915,-1.4752906999999995,296.33299999999826
226.02,-0.086,3.0807,10.5897,0.093,0.093,-0.13,52.5561992,-1.4753165,296.079
226.12,1.4059,3.0166,10.9639,0.0529,0.0529,0.0065,52.556207,-1.4753421000000004,296.302999999998
226.22,-1.21,-0.5689,11.0416,0.111,0.111,0.1151,52.556214700000005,-1.4753679000000006,296.16399999999834
226.32,0.5329,0.2782,9.4996,-0.1062,-0.1062,0.182,52.5562224,-1.4753934999999991,296.1070000000017
226.42,0.7041,1.701,8.8519,-0.0246,-0.0246,0.0702,52.55623,-1.4754189999999996,296.20799999999855
226.52,2.2674,1.0141,8.9289,-0.0261,-0.0261,-0.1391,52.5562377,-1.4754446,296.176
226.62,-0.4522,-0.8034,10.811,-0.0339,-0.0339,-0.111,52.5562454,-1.4754701000000003,296.24299999999874
226.72,-2.4041,-1.4044,11.3104,0.1642,0.1642,0.0835,52.556253,-1.4754956000000006,296.15699999999185
226.819,0.1509,-0.3866,11.2487,0.0784,0.0784,0.0993,52.556260425,-1.4755208449999992,295.87980000000806
226.919,2.1033,2.2186,10.1979,-0.0817,-0.0817,0.0404,52.556268024,-1.4755461469999995,296.1314299999962
227.019,2.3021,2.5681,10.0307,-0.0269,-0.0269,-0.3004,52.556275624,-1.4755716449999998,295.95778000000007
227.12,0.8528,-0.5631,9.9772,0.0017,0.0017,0.135,52.5562833,-1.4755972000000004,296.26999999999754
227.221,-1.7436,-1.7869,10.3998,0.0782,0.0782,0.0546,52.556290976,-1.4756227520000007,296.10207000000304
227.319,-0.2797,-0.6933,10.1229,-0.0417,-0.0417,0.0547,52.556298424,-1.4756474479999993,296.20692999999693
227.419,-0.1886,0.6711,10.3468,-0.0444,-0.0444,-0.0073,52.556306024,-1.4756727469999997,296.18028000000044
227.519,-0.384,-1.1354,10.2108,-0.0105,-0.0105,-0.0676,52.556313624,-1.4756978490000001,296.39482999999996
227.62,-0.8397,-0.9998,10.2377,-0.1034,-0.1034,0.0245,52.55632130000001,-1.4757232000000005,296.15200000000306
227.72,-1.0411,0.1647,10.7579,0.1053,0.1053,0.0084,52.5563289,-1.4757483000000007,296.36299999999017
227.82,-1.9162,-0.1998,10.7351,0.0845,0.0845,0.1708,52.556336300000005,-1.4757733999999996,296.02300000001
227.92,-2.0701,-1.3116,8.5682,-0.2086,-0.2086,-0.082,52.5563439,-1.4757984999999996,296.32199999999557
228.02,-4.1443,0.4402,6.9429,0.2956,0.2956,-0.2142,52.5563514,-1.4758235,296.185
228.119,-1.5953,-1.0749,10.9665,-0.0882,-0.0882,0.1145,52.556358825,-1.4758482500000003,296.30677000000173
228.22,-1.1129,-1.1923,11.7986,0.0638,0.0638,0.1513,52.5563664,-1.4758735000000005,296.02400000000773
228.32,0.7964,-0.3168,9.348,-0.0149,-0.0149,0.0666,52.5563739,-1.4758983999999993,296.29099999999215
228.42,-0.0639,0.9204,8.8893,-0.0815,-0.0815,-0.1105,52.556381300000005,-1.4759232999999996,296.07200000000324
228.52,-1.3086,0.6681,8.5862,0.0552,0.0552,0.0411,52.5563888,-1.4759483,296.067
228.62,-1.4252,0.5014,10.5792,0.0142,0.0142,-0.048,52.5563962,-1.4759731000000005,296.1719999999966
228.72,-0.235,1.6455,10.6906,0.0073,0.0073,0.021,52.5564035,-1.4759980000000006,295.93800000000664
228.82,-0.1481,0.1078,10.9814,0.0033,0.0033,-0.0555,52.556411,-1.4760228999999994,296.1679999999933
228.92,-0.0319,0.3283,10.5071,0.0316,0.0316,0.0182,52.5564184,-1.4760475999999998,296.1410000000004
229.02,1.2834,0.8197,9.3765,-0.0634,-0.0634,-0.0624,52.5564259,-1.4760723999999998,296.203
229.12,1.2809,0.8951,9.9882,0.1038,0.1038,-0.133,52.5564333,-1.4760971000000005,296.12199999999854
229.22,-0.2354,1.8927,9.3435,-0.048,-0.048,0.146,52.5564406,-1.4761218000000007,296.0220000000023
229.32,-0.8156,0.3222,9.9776,-0.0109,-0.0109,-0.0019,52.556448,-1.4761463999999993,296.1029999999976
229.42,-0.6375,0.7848,9.9886,0.0185,0.0185,0.112,52.5564553,-1.4761710999999995,296.0020000000015
229.52,-0.4003,0.4904,9.5813,-0.0294,-0.0294,0.0825,52.5564626,-1.4761957,296.027
229.62,-0.173,0.3349,9.4873,-0.036,-0.036,-0.0157,52.55647,-1.476220300000001,296.10000000000304
229.72,-1.1972,-0.9412,9.7035,-0.0231,-0.0231,-0.031,52.5564774,-1.4762448000000006,296.30599999999725
229.82,-0.4499,0.1513,10.5039,-0.0035,-0.0035,-0.0941,52.5564848,-1.4762692999999991,296.2120000000027
229.92,-0.0337,0.7948,10.6062,0.0612,0.0612,0.0148,52.55649210000001,-1.4762937999999997,296.17300000000057
230.02,2.0983,1.4737,10.001,0.0078,0.0078,-0.0623,52.5564995,-1.4763182,296.331
230.121,1.1775,-0.911,10.446,-0.0425,-0.0425,0.014,52.556506873000004,-1.4763427430000002,296.2369000000013
230.219,-0.1926,0.5614,10.3246,-0.0635,-0.0635,0.0083,52.556514027,-1.4763665570000009,296.32510000000264
230.32,0.4231,-0.5523,9.9498,0.0511,0.0511,-0.0004,52.5565215,-1.4763909999999993,296.45399999999626
230.42,0.3505,-1.4141,9.9413,-0.0507,-0.0507,-0.0607,52.5565288,-1.4764151999999995,296.3090000000022
230.52,-1.3159,-0.9817,9.2761,0.0173,0.0173,-0.0884,52.5565362,-1.4764392999999998,296.605
230.62,-1.4128,-0.4587,10.2112,-0.0236,-0.0236,-0.0383,52.556543600000005,-1.4764632000000006,296.70199999999613
230.719,1.1576,0.2015,8.8009,0.1267,0.1267,0.112,52.556550728,-1.4764869600000008,296.43964999999235
230.819,0.9282,1.2446,8.3012,-0.0727,-0.0727,0.0202,52.556558026999994,-1.4765109599999993,296.4577899999994
230.92,-1.2172,-1.4065,8.8211,-0.0061,-0.0061,-0.0828,52.5565654,-1.4765350999999995,296.4639999999999
231.019,-2.7044,-0.5002,10.141,-0.0005,-0.0005,-0.1213,52.556572626999994,-1.476558662,296.47786
231.121,0.3699,-2.4702,10.4181,-0.0184,-0.0184,0.0485,52.556580073,-1.4765829370000003,296.5579000000013
231.219,-0.2403,0.3176,10.082,0.0473,0.0473,0.0191,52.556587226999994,-1.4766061630000007,296.6461000000026
231.32,0.6081,-0.1162,9.8552,0.0169,0.0169,0.0153,52.5565945,-1.4766301999999993,296.48800000000466
231.42,0.2352,0.676,10.7619,0.0784,0.0784,-0.0727,52.5566018,-1.4766538999999996,296.6859999999971
231.52,-0.1972,-0.328,10.695,-0.0308,-0.0308,0.0256,52.556609,-1.4766776,296.68
231.62,-0.9696,1.7561,10.0072,-0.0243,-0.0243,-0.035,52.5566163,-1.4767013000000004,296.6220000000007
231.72,0.3823,-0.3563,9.6941,0.01,0.01,-0.1005,52.5566235,-1.4767249000000007,296.67099999999795
231.82,-1.5667,-0.0755,9.242,-0.0652,-0.0652,0.1558,52.5566308,-1.4767485999999994,296.60100000000205
231.92,-0.5556,0.9593,9.0998,0.0177,0.0177,-0.0034,52.556638,-1.4767721999999996,296.6109999999998
232.02,1.5041,-0.9794,10.2477,-0.0831,-0.0831,0.0252,52.556645200000006,-1.4767958,296.566
232.12,2.3167,0.3443,10.1159,0.0409,0.0409,0.2471,52.5566524,-1.4768195000000004,296.54400000000305
232.22,2.1885,0.0644,10.3963,-0.0523,-0.0523,-0.0559,52.5566597,-1.476843200000001,296.75099999999856
232.32,0.0891,-1.9542,11.2131,0.1289,0.1289,-0.2144,52.556667,-1.4768667999999991,296.7020000000014
232.419,-1.8033,-0.7546,10.7705,-0.0559,-0.0559,0.0401,52.556674128000004,-1.4768902629999998,296.65052000000077
232.519,0.6178,-1.7157,10.1687,0.0421,0.0421,0.1297,52.556681328,-1.4769139629999999,296.35300000000007
232.62,1.3254,0.5627,9.7238,-0.034,-0.034,0.1651,52.5566886,-1.4769381000000004,296.19200000000035
232.72,0.616,0.476,9.4143,-0.066,-0.066,0.0312,52.55669580000001,-1.4769620000000008,296.2159999999984
232.82,-1.5204,-1.7636,9.2973,0.0426,0.0426,-0.1848,52.556703,-1.4769858999999994,296.1610000000016
232.92,-1.7669,-0.5809,9.3674,-0.0425,-0.0425,-0.0383,52.5567101,-1.4770099999999995,296.01100000000224
233.02,-0.7075,1.1924,10.6352,-0.0208,-0.0208,0.086,52.5567174,-1.477034,296.231
233.12,1.3232,0.6222,9.9081,0.0077,0.0077,0.0925,52.5567246,-1.4770582000000005,296.0429999999988
233.219,2.1153,-2.4105,10.2931,0.0279,0.0279,-0.1648,52.556731629,-1.4770820590000007,295.96280999999766
233.319,0.3261,-3.5223,10.8747,-0.1056,-0.1056,-0.0564,52.556738828,-1.4771062579999994,295.64322000000925
233.42,0.1662,-1.6313,11.8213,0.2095,0.2095,-0.0774,52.556746,-1.4771308999999995,295.6939999999992
233.52,1.2233,-1.5402,11.2635,0.0614,0.0614,-0.0254,52.5567532,-1.4771553000000002,295.742
233.619,0.7471,0.6724,9.8567,0.1176,0.1176,-0.1109,52.55676022899999,-1.4771794560000004,295.669729999999
233.72,-0.4363,0.9385,9.178,-0.0971,-0.0971,-0.0762,52.5567675,-1.4772041000000007,295.61799999999505
233.82,-3.5435,-0.2308,9.7214,-0.0659,-0.0659,-0.1703,52.5567746,-1.4772286999999993,295.447000000005
233.92,-0.7516,-0.4639,10.3433,-0.1296,-0.1296,0.0875,52.5567818,-1.4772532999999997,295.37300000000107
234.02,-0.4543,-0.0355,10.1265,0.1823,0.1823,0.0032,52.5567889,-1.4772779,295.355
234.12,0.7969,3.8183,9.331,-0.0418,-0.0418,-0.1476,52.556796,-1.4773026000000007,295.2530000000019
234.219,-1.2201,2.3075,9.3338,0.0187,0.0187,0.0068,52.556803128,-1.4773271520000006,295.38566000000384
234.32,-3.0607,1.1233,9.3274,-0.1369,-0.1369,0.0871,52.5568103,-1.4773521999999992,295.22100000000484
234.42,-2.8773,3.122,9.5546,-0.0741,-0.0741,0.1777,52.5568175,-1.4773770999999998,295.3529999999981
234.52,-1.3137,2.405,9.5549,-0.1658,-0.1658,-0.0316,52.5568247,-1.477402,295.255
234.62,-0.0048,2.2333,9.8189,-0.0982,-0.0982,-0.105,52.5568319,-1.4774269000000004,295.35000000000053
234.72,-1.305,0.4,9.2968,0.0099,0.0099,-0.0405,52.556839100000005,-1.4774519000000006,295.3870000000011
234.82,0.1625,0.8587,9.0987,-0.1143,-0.1143,0.0337,52.556846400000005,-1.4774769999999993,295.42399999999895
234.92,0.0067,-0.0648,9.4383,-0.0108,-0.0108,-0.0471,52.5568536,-1.4775018999999996,295.55599999999805
235.021,-0.3278,1.9404,11.8138,0.1338,0.1338,-0.0336,52.556860973,-1.47752715,295.58049
235.12,2.9549,-0.6792,11.8233,0.1004,0.1004,-0.2047,52.5568682,-1.4775519000000004,295.530000000001
235.22,2.0657,-1.17,10.1966,-0.1514,-0.1514,0.256,52.5568756,-1.4775770000000006,295.6010000000062
235.32,-0.0502,-1.0018,10.1166,0.083,0.083,0.0554,52.556883,-1.4776018999999994,295.81399999999377
235.421,-1.1947,0.1511,10.4846,-0.0666,-0.0666,-0.1036,52.556890474,-1.4776270479999996,295.9715399999978
235.52,0.5657,1.1941,10.113,0.1072,0.1072,-0.1444,52.5568978,-1.4776516,296.124
235.62,-0.0166,2.5549,9.2807,-0.0813,-0.0813,0.0957,52.5569052,-1.4776764000000004,296.14600000000104
235.72,0.3497,1.8871,9.2157,-0.0098,-0.0098,0.1322,52.5569127,-1.4777012000000005,296.2170000000087
235.819,-2.4803,0.7361,9.8294,0.032,0.032,-0.165,52.556920125,-1.4777256529999994,296.51399999999137
235.92,-1.1332,1.3016,10.1138,0.0501,0.0501,-0.1024,52.5569276,-1.4777506999999996,296.0790000000065
236.019,-1.0218,1.0646,9.8585,-0.047,-0.047,0.0294,52.556935024999994,-1.477775153,296.4839099999999
236.12,1.3077,0.5299,9.8908,-0.0665,-0.0665,0.1777,52.5569425,-1.4777999000000004,296.4300000000001
236.22,-2.633,1.8892,10.1417,0.0257,0.0257,0.0397,52.55695,-1.4778244000000007,296.4370000000001
236.319,-2.431,0.9078,10.1681,0.1695,0.1695,-0.1118,52.556957326,-1.4778485559999994,296.4399699999999
236.419,-0.4605,0.0665,9.8724,-0.137,-0.137,0.0679,52.556964726000004,-1.4778730549999997,296.4489099999999
236.52,1.4301,1.1408,9.6039,0.0834,0.0834,0.075,52.5569723,-1.4778976,296.692
236.62,-0.2921,2.0123,9.9939,-0.051,-0.051,0.0996,52.55697970000001,-1.4779220000000004,296.4500000000032
236.719,-0.3271,1.0523,10.0259,0.0557,0.0557,0.0175,52.556987026,-1.4779460570000007,296.66681000000636
236.82,-1.1704,-0.7033,9.6728,-0.0356,-0.0356,-0.1676,52.5569945,-1.4779705999999992,296.398000000008
236.919,-1.3684,0.6218,10.0952,0.0671,0.0671,-0.0492,52.557001826000004,-1.4779946569999995,296.49699999999854
237.02,0.9323,0.8489,10.3435,0.0676,0.0676,0.0101,52.5570093,-1.4780191,296.408
237.119,-0.3181,0.3625,10.9783,-0.0275,-0.0275,0.1698,52.557016526999995,-1.4780430580000004,296.47631000000104
237.22,-1.3858,-0.742,9.893,0.0687,0.0687,-0.0468,52.557024,-1.4780675000000008,296.36899999999906
237.32,-0.8079,1.0341,9.5059,-0.0017,-0.0017,-0.1923,52.5570313,-1.4780917999999994,296.335000000001
237.419,1.6338,2.543,9.1208,-0.0719,-0.0719,0.024,52.557038527,-1.4781158569999997,296.26471000000106
237.52,0.7275,1.3679,9.2037,0.0147,0.0147,0.1166,52.5570459,-1.4781403,296.108
237.62,-1.199,1.182,9.8523,-0.02,-0.02,0.2018,52.5570531,-1.4781645000000005,296.13799999999753
237.72,-2.1611,-0.2755,10.6964,-0.1533,-0.1533,-0.0799,52.5570604,-1.4781888000000007,295.97099999999756
237.819,1.1151,0.6626,9.2899,-0.0151,-0.0151,-0.2644,52.557067429,-1.4782128569999993,295.8878400000024
237.92,1.8432,1.4272,9.6317,-0.0539,-0.0539,0.0914,52.5570747,-1.4782373999999996,295.85400000000055
238.02,0.9569,2.124,9.8507,0.0182,0.0182,0.1156,52.5570818,-1.4782617,295.54
238.12,1.5991,1.8079,10.0154,0.0371,0.0371,-0.1263,52.5570889,-1.4782860000000004,295.72800000000154
238.22,-0.6136,-0.6914,10.4727,-0.1102,-0.1102,-0.0455,52.5570961,-1.4783102000000006,295.83499999999526
238.319,-1.1663,-1.4678,10.2102,-0.0472,-0.0472,-0.0971,52.557103129000005,-1.4783342569999993,295.67462000000467
238.42,-0.7521,0.1876,9.7632,0.0157,0.0157,0.0837,52.5571103,-1.4783588999999995,295.5480000000018
238.519,0.4168,1.0821,8.7171,0.014,0.014,0.0914,52.557117329,-1.4783827590000003,295.75292999999994
238.62,-2.47,0.3511,9.6685,-0.0452,-0.0452,0.1166,52.5571247,-1.4784072000000004,296.2399999999892
238.72,-0.3973,0.9112,9.6882,0.0421,0.0421,-0.0945,52.5571317,-1.4784315000000006,295.49299999999687
238.82,0.8098,1.1739,10.2369,-0.0441,-0.0441,-0.1312,52.5571388,-1.4784557999999994,295.38600000000315
238.92,0.4276,0.6989,10.0415,-0.0631,-0.0631,0.0391,52.5571459,-1.4784799999999996,295.62599999999645
239.02,-0.7518,0.0886,10.2938,0.0394,0.0394,0.166,52.5571527,-1.4785042,295.17
239.12,0.0804,-0.0457,9.7072,-0.0068,-0.0068,0.1997,52.5571599,-1.4785284000000005,295.6819999999979
239.219,-1.8539,-1.116,10.0265,0.0543,0.0543,-0.1054,52.55716683,-1.4785523580000008,295.5374599999958
239.319,0.1848,-0.2917,10.411,-0.058,-0.058,-0.1271,52.55717383,-1.4785764589999995,295.5280800000003
239.419,2.7611,1.7676,9.1137,0.0326,0.0326,-0.1134,52.557181028,-1.4786006579999997,295.7735199999964
239.519,0.7335,0.7611,10.1546,-0.0322,-0.0322,0.147,52.55718803,-1.478624561,295.89083999999997
239.62,-1.0346,-0.6446,9.5456,0.1028,0.1028,0.1006,52.5571954,-1.4786488000000004,296.2149999999996
239.72,-0.1813,0.4293,9.6764,0.0026,0.0026,-0.0878,52.5572026,-1.478672800000001,296.1879999999974
239.82,0.9075,1.256,9.6739,0.0174,0.0174,-0.0783,52.5572097,-1.4786966999999993,296.0980000000026
239.919,0.5391,0.643,9.2785,-0.0001,-0.0001,-0.0178,52.557216828,-1.4787203609999995,296.3276799999966
240.02,-0.8088,0.7652,9.9907,-0.0569,-0.0569,0.071,52.55722419999999,-1.4787444,296.60900000000004
240.12,-2.1308,-0.0668,10.0268,0.0696,0.0696,0.0289,52.55723149999999,-1.4787682000000006,296.55600000000067
240.22,-1.483,-0.2067,10.4851,-0.0363,-0.0363,-0.1475,52.5572387,-1.4787919000000007,296.6019999999975
240.32,2.7767,1.0896,10.1823,0.049,0.049,-0.2669,52.557246,-1.4788156999999993,296.5130000000026
240.42,1.9364,0.9722,10.3638,-0.034,-0.034,0.0787,52.557253200000005,-1.4788392999999995,296.65199999999794
240.52,-0.177,0.077,11.2727,0.1745,0.1745,0.135,52.5572605,-1.4788629,296.959
240.62,-2.3795,-2.3123,10.9791,0.0331,0.0331,0.0908,52.5572677,-1.4788865000000007,296.5960000000024
240.72,1.8735,0.8076,8.9635,-0.02,-0.02,-0.206,52.557275,-1.4789100000000006,296.7589999999964
240.82,2.494,3.2779,9.3706,-0.1272,-0.1272,-0.3157,52.5572821,-1.4789334999999992,296.63400000000365
240.92,0.2891,2.5749,8.8824,0.1299,0.1299,0.2926,52.5572893,-1.4789568999999996,296.65699999999964
241.02,-1.8218,-0.4924,9.5368,-0.0483,-0.0483,0.3403,52.557296400000006,-1.4789802,296.774
241.12,0.0377,-1.5254,9.163,0.0653,0.0653,0.1101,52.5573036,-1.4790036000000004,296.6200000000049
241.22,-5.7924,-1.779,10.359,-0.1588,-0.1588,-0.1309,52.5573108,-1.4790267000000006,296.9559999999843
241.32,-4.5431,-3.6711,10.7962,0.1832,0.1832,-0.042,52.5573178,-1.4790500999999994,296.4130000000159
241.42,1.601,3.9941,9.6514,0.0721,0.0721,0.6504,52.5573248,-1.4790732999999996,296.4309999999997
241.52,4.2822,2.5799,8.7923,0.1764,0.1764,0.1812,52.5573317,-1.4790966,295.9
241.62,-0.8301,0.9835,8.3387,-0.0747,-0.0747,0.0298,52.5573386,-1.4791200000000007,295.7589999999997
241.72,-4.2152,-1.1342,10.5767,-0.0733,-0.0733,-0.2781,52.5573454,-1.4791433000000007,295.73699999999644
241.82,0.7226,1.2745,9.9821,0.0853,0.0853,-0.1222,52.5573522,-1.4791664999999994,295.6140000000036
241.919,2.5988,1.7716,8.9224,0.0903,0.0903,0.2916,52.557358932,-1.4791894679999995,295.4961900000018
242.024,-1.3523,2.0847,9.9396,0.0172,0.0172,0.158,52.557365968000006,-1.479213924,295.3536
242.12,-1.0637,2.0859,9.5317,-0.0157,-0.0157,-0.0554,52.5573724,-1.4792361000000005,295.3200000000041
242.22,-1.9908,-0.1893,9.8351,0.0576,0.0576,0.1773,52.557379100000006,-1.4792592000000009,295.6009999999962
242.32,0.212,-0.28,9.3474,0.0129,0.0129,0.0078,52.5573858,-1.4792822999999995,295.47000000000384
242.42,-1.3938,0.3759,9.4647,0.1231,0.1231,-0.0341,52.5573925,-1.4793054999999995,295.32500000000215
242.52,-1.2976,-0.054,9.1579,-0.1027,-0.1027,0.1287,52.5573992,-1.4793284,295.622
242.619,-0.1789,1.4667,9.0007,0.2735,0.2735,0.0181,52.557405833,-1.4793510710000004,295.6724900000007
242.72,-0.4254,0.2301,9.1826,-0.1057,-0.1057,0.089,52.5574126,-1.4793742000000007,295.72299999999774
242.82,-0.9898,2.9946,9.9184,-0.0833,-0.0833,-0.1391,52.5574193,-1.4793970999999992,295.64500000000226
242.92,-0.1069,2.1427,10.7564,0.0556,0.0556,0.165,52.557426,-1.4794200999999996,295.58600000000087
243.02,-1.2509,-1.3606,11.1232,0.0748,0.0748,0.0532,52.5574328,-1.4794428000000002,295.987
243.12,-2.9027,-0.9969,10.5634,0.0232,0.0232,0.0709,52.5574395,-1.4794657000000002,295.8340000000029
243.221,2.9895,0.9375,10.1645,-0.1223,-0.1223,-0.1214,52.557446369000004,-1.4794886270000005,296.03616000000613
243.32,3.3531,3.6468,9.6457,0.0483,0.0483,-0.3103,52.557453200000005,-1.4795110999999994,296.2499999999937
243.42,-2.5273,-0.6174,10.7826,-0.0699,-0.0699,-0.0871,52.55746,-1.4795337999999996,296.2989999999993
243.52,-3.7567,-2.2326,10.8002,0.183,0.183,0.3153,52.5574669,-1.4795564,296.598
243.62,0.2817,-0.0368,9.887,0.0223,0.0223,0.2218,52.5574738,-1.4795790000000004,296.66400000000135
243.72,2.8631,1.1567,9.2557,-0.0879,-0.0879,0.1307,52.5574808,-1.4796016000000007,296.7590000000086
243.82,-0.1187,-0.1764,9.643,-0.151,-0.151,-0.1688,52.5574878,-1.4796239999999994,297.0559999999913
243.92,-1.4186,-0.0932,9.9874,-0.0203,-0.0203,-0.0602,52.55749479999999,-1.4796462999999997,297.2059999999978
244.02,-2.5227,-0.645,10.9325,-0.1459,-0.1459,-0.1877,52.557501900000005,-1.4796688,297.327
244.12,-1.2987,-0.8348,9.8593,0.0153,0.0153,0.0536,52.5575091,-1.4796911000000001,297.68100000000084
244.219,0.1683,-0.5051,10.1594,-0.0827,-0.0827,-0.065,52.55751603,-1.4797129790000005,297.73743000000167
244.319,1.9244,1.7925,8.8443,-0.0045,-0.0045,-0.1877,52.557523228,-1.4797351779999994,297.9053099999951
244.42,1.8739,0.8368,9.0315,-0.0379,-0.0379,0.0178,52.55753059999999,-1.4797574999999998,298.26999999999464
244.52,-0.4511,-2.4,9.9586,0.0088,0.0088,-0.0068,52.5575378,-1.4797794999999998,298.35900000000004
244.62,0.0742,-0.0168,9.1329,-0.1196,-0.1196,0.1256,52.55754520000001,-1.4798013000000003,298.9000000000007
244.722,1.0147,1.4142,9.1416,0.013,0.013,0.0551,52.55755275,-1.4798235340000006,298.95904000001127
244.82,-0.1327,1.309,11.313,0.1011,0.1011,-0.0784,52.5575601,-1.4798447999999993,299.35299999998824
244.92,0.3057,0.0489,10.484,-0.0185,-0.0185,-0.1535,52.5575676,-1.4798662999999999,299.59899999999635
245.02,-0.0426,1.2424,9.3921,-0.0504,-0.0504,-0.0405,52.5575751,-1.4798878000000002,299.85400000000004
245.12,1.3666,-2.3546,10.18,-0.0464,-0.0464,-0.0203,52.557582700000005,-1.4799092000000003,300.1449999999979
245.22,0.8272,0.1,10.2967,-0.0449,-0.0449,0.0814,52.55759020000001,-1.4799305000000011,300.0000000000039
245.32,1.4986,-1.3466,10.1228,0.1136,0.1136,-0.1196,52.5575977,-1.4799516999999993,300.134999999996
245.419,0.6562,-1.3227,9.9558,-0.1706,-0.1706,-0.0591,52.557605224,-1.4799726879999997,300.269639999998
245.519,1.1108,1.3951,10.1514,0.0933,0.0933,-0.0465,52.557612725,-1.4799937890000001,300.36406
245.62,2.5198,0.9496,9.4566,-0.1263,-0.1263,-0.0363,52.5576203,-1.4800151000000001,300.14699999999937
245.72,-1.561,0.0802,9.9367,0.0911,0.0911,0.0423,52.5576278,-1.4800362000000007,300.1039999999972
245.82,-1.6067,-1.1165,10.083,-0.0277,-0.0277,0.0078,52.55763520000001,-1.4800572999999992,300.0060000000028
245.92,0.4823,-1.0475,9.6194,-0.0178,-0.0178,0.0381,52.5576425,-1.4800780999999998,299.8370000000025
246.02,3.3109,1.8105,9.6594,-0.0548,-0.0548,-0.2462,52.5576499,-1.4800991,299.85900000000004
246.12,-0.6416,-2.7787,11.343,0.1184,0.1184,-0.298,52.5576573,-1.4801200000000003,299.94099999999634
246.22,-3.5779,-3.055,11.3097,0.0461,0.0461,0.3381,52.5576646,-1.4801409000000008,299.69099999999617
246.319,-0.4504,-0.2867,9.615,0.0867,0.0867,0.3257,52.557671629,-1.4801612939999993,299.5603200000038
246.42,2.2454,1.3989,9.5331,0.0133,0.0133,-0.0632,52.5576788,-1.4801823999999997,299.021000000008
246.52,0.9393,2.9045,10.4982,0.0301,0.0301,-0.0628,52.5576857,-1.4802031,298.683
246.62,2.3348,-1.5895,9.0827,0.0238,0.0238,0.1967,52.5576926,-1.4802239000000001,298.62000000000086
246.72,-0.7486,0.1035,9.8745,-0.045,-0.045,0.0146,52.5576995,-1.4802445000000006,298.6799999999885
246.82,0.2711,0.4,10.9886,0.159,0.159,-0.2597,52.5577063,-1.4802651999999994,298.2840000000116
246.92,-3.2022,3.5816,8.8782,-0.1567,-0.1567,0.1063,52.55771300000001,-1.4802857999999999,298.3189999999995
247.02,-2.134,-0.4793,10.0191,-0.015,-0.015,0.219,52.5577197,-1.4803063,298.154
247.12,-0.5489,-4.111,10.072,0.0027,0.0027,-0.107,52.557726300000006,-1.4803269000000001,297.6760000000036
247.22,-0.7659,-0.2274,9.6281,-0.0589,-0.0589,0.0105,52.5577329,-1.4803473000000005,297.9279999999913
247.32,1.9402,1.3418,9.8096,0.008,0.008,0.198,52.5577394,-1.4803676999999993,297.6280000000088
247.419,2.334,1.0091,9.5505,0.1559,0.1559,0.2272,52.557745835,-1.4803877970000001,297.5141500000017
247.519,-0.8461,-2.8091,10.2437,-0.0147,-0.0147,-0.073,52.557752236,-1.480407998,297.41895000000005
247.62,-1.4546,-2.1535,10.654,-0.0266,-0.0266,-0.1582,52.5577585,-1.4804283000000003,297.17599999999874
247.72,1.2908,-0.1705,9.4957,-0.0183,-0.0183,-0.0653,52.5577648,-1.4804483000000006,297.0889999999931
247.82,1.1005,-0.1945,9.3135,0.0746,0.0746,0.1677,52.5577709,-1.4804680999999993,296.85200000000697
247.92,-0.4111,0.7188,9.936,0.0463,0.0463,0.0714,52.557777,-1.480488,296.6660000000027
248.021,-0.3129,-0.6723,9.8495,-0.0036,-0.0036,0.1356,52.557782959,-1.480507895,296.32128
248.12,0.3553,-0.4961,10.3361,-0.0836,-0.0836,-0.1139,52.5577888,-1.4805272000000003,296.34899999999163
248.22,1.5168,-0.0364,9.5169,0.0357,0.0357,-0.0029,52.5577946,-1.4805468000000006,295.7729999999895
248.32,-1.0016,-0.2866,9.6823,-0.0136,-0.0136,0.007,52.5578002,-1.4805661999999993,295.41000000001065
248.42,-1.7011,-1.8286,10.2393,0.0708,0.0708,0.1915,52.5578056,-1.4805853999999996,294.9920000000062
248.52,-0.3803,-1.0589,9.9383,0.0226,0.0226,-0.0009,52.557811,-1.4806045,294.625
248.62,1.3362,1.1878,9.5926,-0.0329,-0.0329,0.0525,52.5578162,-1.4806233000000002,294.63799999999
248.72,0.4867,-1.1061,9.9304,-0.0383,-0.0383,-0.2959,52.5578212,-1.4806419000000004,293.9459999999957
248.821,-1.0601,-0.9834,9.7549,0.0347,0.0347,0.0276,52.557826246,-1.4806604809999995,293.7862900000282
248.92,-1.9252,-1.159,9.9296,-0.0441,-0.0441,0.1582,52.557830800000005,-1.4806783999999997,292.8250000000143
249.02,-0.9226,0.7583,9.3543,0.0151,0.0151,0.1326,52.5578353,-1.4806963000000002,292.726
249.12,0.5927,0.8209,9.4549,-0.0472,-0.0472,-0.0615,52.5578397,-1.4807138000000002,292.40399999999454
249.22,-0.394,1.4376,9.8139,-0.0635,-0.0635,-0.1312,52.557844,-1.4807310000000002,292.02699999999
249.32,-0.4018,-0.8494,9.9834,0.0543,0.0543,0.0023,52.557848,-1.4807477999999996,291.6810000000101
249.42,-0.4728,-1.5493,10.6019,-0.0022,-0.0022,-0.0573,52.557852,-1.4807642999999997,291.3780000000045
249.52,1.248,0.0703,10.0435,-0.0685,-0.0685,0.1259,52.557855700000005,-1.4807806,290.678
249.62,0.83,-0.8433,9.9797,-0.1585,-0.1585,0.0806,52.5578593,-1.4807965000000003,290.5679999999986
249.719,-0.0002,0.5524,9.065,0.0392,0.0392,-0.1532,52.557862864,-1.4808118450000005,290.4739499999973
249.82,-3.4684,-0.0668,9.0068,0.1094,0.1094,-0.2704,52.5578662,-1.4808271999999996,290.029000000013
249.92,-5.1357,-1.3994,10.6201,0.1268,0.1268,0.3344,52.5578694,-1.4808419999999995,289.78100000000364
250.019,0.4015,-0.0713,10.0494,0.0944,0.0944,0.0821,52.557872568,-1.4808563550000002,289.56419000000005
250.119,2.7057,2.3436,8.9214,-0.0925,-0.0925,-0.1328,52.557875669,-1.4808707560000003,289.3323199999967
250.22,-1.815,0.9343,10.104,-0.0222,-0.0222,-0.1729,52.5578786,-1.4808850000000005,288.89799999999553
250.32,-2.7352,-0.8977,9.7382,-0.021,-0.021,0.0663,52.5578815,-1.4808988999999995,288.7440000000045
250.42,0.7316,0.323,9.8219,0.0992,0.0992,0.1175,52.5578843,-1.4809124999999999,288.89099999999786
250.52,3.3476,0.763,9.6819,-0.0153,-0.0153,0.1459,52.5578869,-1.480926,287.67
250.62,2.2361,0.297,9.7816,0.0955,0.0955,0.1396,52.5578895,-1.4809394000000002,287.68599999999003
250.72,-1.2217,-1.1918,10.2766,-0.0852,-0.0852,-0.1165,52.5578919,-1.4809523000000004,287.0000000000053
250.82,-1.2814,-0.0996,10.7997,0.1081,0.1081,-0.0591,52.5578943,-1.4809648999999994,287.1819999999947
250.92,1.6811,0.7383,9.4677,-0.0049,-0.0049,0.0078,52.55789660000001,-1.4809772999999997,286.57900000000893
251.019,2.8949,0.7829,8.7278,0.1023,0.1023,0.1656,52.557898777999995,-1.4809893779999999,286.8562
251.12,-1.9067,-1.5417,9.5011,-0.048,-0.048,-0.0179,52.557900700000005,-1.4810011000000003,285.2010000000033
251.22,-2.4965,-1.4187,9.6577,0.0857,0.0857,-0.1543,52.5579027,-1.4810126000000001,285.42899999998957
251.32,2.1,-1.1214,9.5257,-0.138,-0.138,-0.267,52.55790449999999,-1.4810236999999997,285.06800000001056
251.42,3.3192,2.4058,8.8868,-0.0421,-0.0421,-0.0357,52.5579061,-1.4810344999999996,283.9520000000165
251.52,3.4103,1.5498,9.265,0.0933,0.0933,0.2177,52.5579077,-1.4810449,283.621
251.62,-0.5836,-2.5068,10.6558,0.0922,0.0922,-0.0232,52.557909200000005,-1.4810551000000003,283.4789999999837
251.72,-1.8701,-3.9072,10.4734,-0.0805,-0.0805,-0.2963,52.557910500000006,-1.4810649,282.35199999997064
251.82,0.9376,0.0806,9.1475,-0.0552,-0.0552,-0.1961,52.5579116,-1.4810743999999998,281.3380000000297
251.92,2.2181,0.1079,9.809,0.0285,0.0285,0.0726,52.5579129,-1.4810835999999998,282.44799999998355
252.02,0.9229,-0.3112,9.9244,0.0106,0.0106,0.1085,52.5579139,-1.4810928,280.49
252.12,-0.5465,-0.045,9.3879,-0.0195,-0.0195,-0.0676,52.5579148,-1.4811018000000002,279.36400000000606
252.22,-0.2158,-1.4369,10.2206,-0.0247,-0.0247,-0.115,52.5579158,-1.481111,279.77899999995356
252.32,2.2489,-0.2323,9.8083,0.0423,0.0423,-0.0115,52.5579165,-1.4811201000000003,278.1770000000469
252.42,2.6514,1.6136,9.7519,0.0048,0.0048,0.298,52.5579173,-1.4811289999999997,277.8000000000056
252.52,2.0001,0.0429,10.1502,0.0227,0.0227,0.0121,52.5579179,-1.4811379,276.821
252.62,-0.5965,-2.6757,10.2473,0.0279,0.0279,-0.0964,52.5579186,-1.4811467000000003,277.12399999998496
252.72,-2.1997,-0.8543,10.2541,-0.0033,-0.0033,-0.0728,52.5579192,-1.4811556000000001,276.0829999999666
252.82,1.0549,-0.7705,10.6155,0.1429,0.1429,0.0924,52.5579197,-1.4811646999999997,274.9300000000338
252.92,2.3169,0.3533,9.4614,-0.019,-0.019,0.1466,52.5579201,-1.4811736999999996,274.457000000007
253.02,0.3971,1.2254,9.4983,0.0076,0.0076,0.1351,52.55792039999999,-1.4811826,273.98
253.119,-0.892,-2.1749,9.9014,-0.0812,-0.0812,-0.0753,52.557920796000005,-1.481191312,274.2453200000038
253.219,-2.3414,-1.0344,10.4609,0.0212,0.0212,-0.1406,52.557921196,-1.4812002110000004,273.9460499999912
253.319,0.72,2.2647,10.0534,-0.0447,-0.0447,-0.0534,52.557921398000005,-1.4812091109999996,272.6025400000389
253.419,1.4269,0.466,10.2095,0.0392,0.0392,0.1981,52.557921697000005,-1.481218011,272.9543099999946
253.52,-2.4479,-0.2795,10.255,-0.0452,-0.0452,-0.004,52.5579218,-1.4812271,271.922
253.62,-2.4758,0.2274,9.7512,-0.0482,-0.0482,-0.0659,52.5579222,-1.4812358000000003,273.0519999999811
253.72,0.0839,0.6661,10.0555,-0.0988,-0.0988,-0.1699,52.5579223,-1.4812448000000003,271.7460000000099
253.82,1.2432,1.9644,9.3814,0.0036,0.0036,-0.0203,52.5579225,-1.4812534999999998,272.08699999999
253.92,0.0162,1.0485,9.2608,-0.0205,-0.0205,0.2523,52.5579225,-1.4812623999999999,270.9050000000174
254.021,-2.4686,-0.0402,9.4868,0.0097,0.0097,0.0967,52.557922802,-1.481271287,272.37376
254.12,1.7599,1.8843,9.5017,-0.0797,-0.0797,-0.2109,52.557923,-1.4812799000000003,272.54799999999494
254.22,-2.1794,-1.7795,10.8315,0.036,0.036,-0.2173,52.557923200000005,-1.4812887000000001,272.1980000000171
254.32,0.5037,0.6091,9.8248,0.0453,0.0453,-0.1388,52.5579235,-1.4812972999999998,272.78799999998273
254.42,1.0295,2.3268,9.2411,0.0763,0.0763,0.1195,52.55792399999999,-1.4813060999999998,274.66899999997224
254.52,-0.1898,2.7519,9.209,-0.0388,-0.0388,0.1038,52.5579245,-1.4813146999999998,275.514
254.62,-2.9892,-1.0303,10.119,-0.0846,-0.0846,-0.0165,52.5579253,-1.4813234000000004,277.30600000000163
254.72,-4.604,-0.7109,10.2742,-0.0109,-0.0109,-0.0734,52.5579259,-1.4813319000000003,277.42100000003893
254.819,0.3954,1.2131,9.6578,0.0055,0.0055,0.1185,52.557926791,-1.481340414,278.7505699999614
254.919,2.6171,1.7941,9.1528,0.1251,0.1251,0.2231,52.55792769100001,-1.4813489149999999,279.9846699999819
255.02,0.9536,2.1247,9.4806,0.0043,0.0043,0.0036,52.557928800000006,-1.4813573999999998,281.52
255.12,-1.0896,0.1115,9.4174,0.0214,0.0214,-0.2179,52.5579299,-1.4813658,282.1370000000353
255.22,-2.1023,-0.1947,9.32,-0.0574,-0.0574,-0.0212,52.5579313,-1.4813741000000002,284.5740000000256
255.32,1.8256,1.4428,9.2333,-0.0252,-0.0252,0.2872,52.5579327,-1.4813823999999998,285.45699999997413
255.42,1.515,1.0239,10.2791,0.0448,0.0448,0.2245,52.55793429999999,-1.4813905999999997,287.05199999997643
255.52,-2.4266,0.3958,10.3907,-0.065,-0.065,-0.1414,52.55793619999999,-1.4813986,290.027
255.623,-2.0597,1.0809,10.4582,0.0929,0.0929,-0.0743,52.557938063,-1.4814069340000002,290.5284900000352
255.72,0.3579,0.9253,9.9275,0.0207,0.0207,-0.0596,52.5579401,-1.4814145000000003,292.8400000000807
255.82,2.0951,0.5966,9.9775,0.0794,0.0794,0.2164,52.5579425,-1.4814222999999997,295.6249999999185
255.92,2.2593,0.0699,10.0507,0.096,0.096,0.1022,52.557945,-1.4814298,298.08899999996356
256.021,-1.4044,-1.1125,9.7701,-0.0179,-0.0179,-0.1177,52.55794783,-1.481437475,300.7847900000008
256.12,-0.4233,0.8717,10.0138,-0.0509,-0.0509,-0.0701,52.5579508,-1.4814448999999998,302.4470000000522
256.22,0.6754,1.1003,9.8937,-0.0474,-0.0474,-0.1455,52.557954200000005,-1.4814523000000004,305.9760000000426
256.32,0.9928,2.2114,10.1246,0.097,0.097,0.1103,52.5579577,-1.4814596999999996,307.41699999995825
256.42,-0.9976,0.3435,10.1093,0.0645,0.0645,0.0345,52.5579613,-1.4814672,308.5359999999841
256.52,-0.6669,-1.0667,9.4077,0.0072,0.0072,-0.0592,52.5579655,-1.4814745,312.376
256.619,0.8816,-1.4085,9.6553,-0.0778,-0.0778,-0.0121,52.557969757,-1.481481331,314.93614000003845
256.719,0.4368,0.2092,9.6099,-0.0756,-0.0756,0.0531,52.557974255,-1.4814883300000001,316.2668200000383
256.82,-0.9526,0.2869,9.8166,0.0412,0.0412,0.0005,52.5579791,-1.4814954999999999,317.4969999999647
256.919,-0.9287,1.1268,9.439,-0.0386,-0.0386,-0.013,52.55798405,-1.4815024300000001,319.29186999997336
257.02,-0.6315,-0.8628,9.1343,0.1104,0.1104,-0.0472,52.5579892,-1.4815093,320.60200000000003
257.12,-1.6704,-1.2454,10.5087,0.091,0.091,0.1045,52.55799460000001,-1.4815161,322.0949999999875
257.22,0.0398,-2.3644,9.8886,-0.0737,-0.0737,0.0643,52.557999900000006,-1.4815231000000002,321.2469999999952
257.319,0.5145,0.0723,9.0708,0.0274,0.0274,0.0444,52.558005444,-1.481530426,321.08464000000464
257.42,0.4477,0.8836,9.6375,-0.1049,-0.1049,-0.0326,52.558011,-1.481538,320.4900000000084
257.52,-1.8646,0.3237,10.6922,-0.035,-0.035,-0.0045,52.5580166,-1.4815456,320.381
257.62,-4.7655,-0.8937,9.9018,-0.0266,-0.0266,0.2377,52.5580223,-1.4815534000000001,319.999999999987
257.72,-5.6857,-1.7704,9.3695,0.0941,0.0941,0.0363,52.55802789999999,-1.4815614000000001,319.1210000000215
257.82,1.7634,1.1913,8.4222,-0.0584,-0.0584,-0.316,52.5580338,-1.4815694999999995,319.8499999999789
257.92,4.3957,3.7931,9.0618,-0.012,-0.012,-0.0151,52.5580397,-1.4815779999999998,318.7020000000163
258.02,1.4192,0.4796,10.0499,0.0592,0.0592,0.2657,52.5580456,-1.4815869,317.683
258.12,-2.7654,-3.9735,10.2968,0.1643,0.1643,0.3671,52.5580516,-1.4815961000000004,316.61799999999374
258.22,2.0682,2.5511,9.2815,-0.0999,-0.0999,0.2299,52.5580575,-1.4816055000000001,316.19499999997294
258.32,0.8778,3.1005,9.085,-0.3059,-0.3059,-0.3288,52.5580634,-1.4816151999999998,315.27900000002654
258.42,-3.1843,-0.7203,9.9477,-0.0879,-0.0879,-0.2164,52.5580694,-1.4816250999999998,314.4890000000113
258.52,-3.3499,-1.3589,9.7687,-0.0157,-0.0157,-0.0016,52.5580755,-1.4816353999999998,314.008
258.62,0.2852,0.0564,9.5482,0.0682,0.0682,0.2162,52.55808149999999,-1.4816461000000003,312.8739999999865
258.72,-0.2998,0.1599,10.0291,0.0053,0.0053,-0.0986,52.558087500000006,-1.4816571000000003,311.9599999999866
258.82,-1.8233,-0.1138,10.0961,-0.1007,-0.1007,0.0078,52.5580936,-1.4816682999999997,311.5080000000131
258.92,0.2218,-0.4467,10.3787,-0.0073,-0.0073,-0.1855,52.5580997,-1.4816798999999996,310.56600000001333
259.019,0.9611,-0.1307,10.327,0.0886,0.0886,0.0269,52.558105739,-1.4816916809999998,310.0056599999999
259.12,0.7338,0.013,9.4512,0.0038,0.0038,0.2086,52.5581118,-1.4817039000000003,309.425999999984
259.22,0.6782,-0.7198,10.037,-0.0091,-0.0091,-0.0568,52.5581178,-1.4817165000000005,308.3469999999912
259.32,-0.1444,-0.7844,10.7079,0.1003,0.1003,-0.0127,52.558124,-1.4817292999999996,308.0500000000086
259.42,-0.874,-0.4927,9.699,-0.0642,-0.0642,-0.1869,52.5581299,-1.4817424999999997,306.70200000001915
259.52,1.0931,1.6657,9.7887,-0.0447,-0.0447,-0.0306,52.558136000000005,-1.4817558,306.969
259.62,1.3145,0.9199,9.6006,0.0372,0.0372,0.0468,52.558142100000005,-1.4817696000000002,305.9009999999959
259.72,-0.0956,0.1769,9.7445,0.0527,0.0527,0.0729,52.558148200000005,-1.4817836000000004,305.6239999999701
259.82,-0.4142,0.997,9.3153,-0.0507,-0.0507,0.0153,52.5581542,-1.4817977999999996,304.61200000002935
259.92,0.7595,1.5094,9.3491,-0.0226,-0.0226,-0.2662,52.55816,-1.4818126000000003,303.15200000002073
260.02,0.4902,0.5472,9.6347,0.0294,0.0294,-0.0179,52.5581657,-1.4818275,302.474
260.12,1.0069,0.5459,9.9284,0.0336,0.0336,-0.079,52.5581716,-1.4818429000000002,302.05999999998375
260.22,0.4284,0.471,10.1072,-0.006,-0.006,0.1113,52.5581772,-1.4818584000000004,300.961000000012
260.32,-2.0371,-1.2732,10.6308,0.0276,0.0276,-0.2059,52.5581832,-1.4818743999999995,301.36699999998825
260.42,1.3516,0.7722,9.5089,-0.0605,-0.0605,-0.0667,52.5581889,-1.4818906999999997,300.12700000001763
260.52,2.2142,2.2417,9.2488,-0.054,-0.054,-0.1175,52.5581945,-1.481907,299.803
260.62,2.5108,0.9487,9.4777,-0.0179,-0.0179,0.2022,52.5582002,-1.4819236000000005,299.3789999999852
260.72,-0.0918,0.0617,9.5803,0.046,0.046,-0.0981,52.5582057,-1.4819406000000006,298.3769999999917
260.82,-0.1595,0.1027,10.625,-0.0627,-0.0627,0.0641,52.5582113,-1.4819577999999995,298.09600000000813
260.92,0.5031,2.7168,9.8814,-0.0719,-0.0719,-0.1314,52.558216900000005,-1.4819749999999996,298.028000000001
261.02,0.385,1.5014,9.741,-0.0299,-0.0299,-0.0326,52.5582228,-1.4819923999999998,298.551
261.119,0.8449,0.5058,9.8697,-0.0002,-0.0002,-0.0349,52.558228344,-1.4820100220000005,297.5540699999851
261.221,0.3834,-0.1812,10.3251,-0.0031,-0.0031,0.1411,52.558234058,-1.4820283810000006,297.32868000000485
261.32,-0.8208,-0.6756,10.297,0.0424,0.0424,-0.0163,52.5582398,-1.4820462999999995,297.4949999999951
261.42,-0.9223,0.0294,10.9797,-0.0209,-0.0209,-0.1356,52.5582456,-1.4820644999999997,297.5239999999996
261.52,0.107,0.6922,10.1235,0.0139,0.0139,-0.0355,52.5582512,-1.4820828,296.908
261.62,0.9769,0.7152,9.772,-0.115,-0.115,-0.0536,52.5582569,-1.4821014000000001,296.68499999999716
261.72,-0.4594,0.0467,10.4783,0.0819,0.0819,0.1856,52.5582625,-1.4821199000000007,296.49099999999015
261.82,-0.3566,-1.0016,10.3872,0.0833,0.0833,-0.0078,52.5582681,-1.4821386999999995,296.1580000000097
261.919,0.8945,-0.8533,10.3198,0.172,0.172,0.1484,52.558273347,-1.4821575099999997,294.86011000001923
262.02,-3.411,3.5272,11.3797,0.1163,0.1163,0.0289,52.55827910000001,-1.4821769,295.858
262.12,0.0504,2.5437,10.9386,-0.045,-0.045,-0.05,52.5582846,-1.482196,295.20200000000114
262.223,-0.2509,1.7354,9.5992,-0.0131,-0.0131,-0.0217,52.558290368,-1.4822158790000006,295.28018000000014
262.32,-0.7651,3.4401,10.0359,-0.0979,-0.0979,-0.0283,52.5582958,-1.4822345999999995,295.28599999999983
262.42,-0.1507,3.2337,9.379,-0.0623,-0.0623,0.0034,52.5583014,-1.4822538999999997,295.38499999999857
262.52,-0.8138,2.5888,8.6616,0.1602,0.1602,-0.1801,52.558307,-1.4822734000000002,295.518
262.62,-0.6793,3.8053,8.5551,0.0161,0.0161,-0.0532,52.5583127,-1.4822927000000001,295.7369999999948
262.719,-0.3683,4.0448,8.7615,-0.062,-0.062,0.2174,52.558318244000006,-1.4823120050000005,295.38851999998974
262.82,0.4378,3.7588,9.6343,0.1402,0.1402,-0.0606,52.558324,-1.4823316999999994,295.4309999999987
262.92,0.3163,2.83,9.103,-0.0044,-0.0044,0.0017,52.5583296,-1.4823510999999998,295.5669999999981
263.02,-0.5492,2.7899,9.019,-0.188,-0.188,-0.0394,52.5583354,-1.4823704,296.069
263.119,-2.1751,4.3285,9.4333,-0.0365,-0.0365,0.102,52.558341142,-1.4823894080000004,296.2818500000032
263.219,-2.3183,0.294,10.8023,0.1357,0.1357,0.2047,52.558347041,-1.4824088060000007,296.2998400000005
263.319,-1.3598,2.8378,10.5443,-0.0058,-0.0058,0.2619,52.558352940999995,-1.4824280079999996,296.5910599999917
263.42,2.9136,5.7574,9.9572,-0.0337,-0.0337,0.0138,52.5583588,-1.4824474999999997,296.5580000000005
263.52,-0.8216,1.7765,9.7764,-0.2311,-0.2311,-0.1772,52.5583646,-1.4824668,296.157
263.62,-3.6888,2.4825,9.243,0.2191,0.2191,-0.2194,52.5583704,-1.4824862000000003,295.9920000000134
263.72,-0.9782,1.0373,9.4257,0.0432,0.0432,0.0151,52.5583764,-1.4825054000000006,296.8949999999585
263.82,2.3307,4.5157,8.434,-0.1786,-0.1786,0.4053,52.558382,-1.4825246999999993,295.4910000000407
263.92,2.4056,3.8997,9.0795,0.0502,0.0502,-0.3496,52.5583878,-1.4825440999999997,296.50499999998556
264.021,0.6569,1.6476,10.4312,-0.2478,-0.2478,-0.0288,52.55839335500001,-1.482563293,295.6962899999998
264.12,-1.846,0.4676,10.4548,-0.0169,-0.0169,-0.1219,52.5583988,-1.4825824000000003,295.3290000000143
264.22,1.631,1.0961,9.872,0.0042,0.0042,-0.0934,52.5584045,-1.4826014000000005,296.29299999998244
264.319,2.1767,2.1953,8.7843,0.0665,0.0665,0.08,52.558410142999996,-1.4826202099999992,295.70494000001673
264.419,0.5467,1.2688,9.5227,-0.0875,-0.0875,-0.0191,52.558415546,-1.4826393089999998,295.2208300000071
264.52,0.6526,0.9247,9.5742,-0.0265,-0.0265,0.0835,52.5584211,-1.4826583,295.655
264.62,2.7083,2.0427,10.0826,-0.0408,-0.0408,0.2025,52.558426700000005,-1.4826772000000001,295.75699999999637
264.72,-3.2122,2.1997,10.1663,-0.0128,-0.0128,-0.2864,52.558432100000005,-1.4826960000000007,295.50999999999624
264.82,1.4158,2.989,10.6235,-0.1409,-0.1409,-0.3734,52.5584375,-1.4827147999999997,295.3830000000037
264.92,4.9695,4.6183,9.8172,0.0375,0.0375,-0.0682,52.5584429,-1.4827335999999998,295.17200000000304
265.02,0.1549,2.8153,10.0414,0.0242,0.0242,0.1697,52.5584484,-1.4827522,295.713
265.12,-0.2873,2.793,10.0279,0.0297,0.0297,0.1848,52.5584539,-1.4827708000000002,295.6940000000044
265.22,-2.4051,2.6006,9.3283,0.0598,0.0598,0.0745,52.5584594,-1.4827893000000005,295.9899999999848
265.32,1.3725,3.761,9.1529,0.117,0.117,-0.1734,52.5584649,-1.4828077999999996,295.475000000015
265.42,2.4124,4.3486,8.8142,-0.1042,-0.1042,-0.1482,52.5584703,-1.4828261999999999,295.88499999999414
265.52,-0.6756,2.3127,9.7591,0.0262,0.0262,0.0284,52.5584757,-1.4828445,295.995
265.62,-2.0867,1.261,10.0386,0.0013,0.0013,0.0675,52.55848100000001,-1.4828629000000002,295.4380000000062
265.72,0.0879,1.2464,10.0628,0.0104,0.0104,0.1191,52.5584864,-1.4828811000000004,295.85899999997673
265.82,2.1191,0.9705,9.7771,-0.0052,-0.0052,-0.0348,52.5584915,-1.4828992999999995,295.0710000000229
265.92,1.5969,0.4664,9.4531,-0.0771,-0.0771,-0.0637,52.558496600000005,-1.4829173999999998,295.2729999999971
266.019,0.5313,-0.642,9.5155,-0.0416,-0.0416,0.0491,52.558501748000005,-1.4829353189999999,295.22548
266.12,-0.5511,0.7546,10.5142,0.0055,0.0055,0.0787,52.55850710000001,-1.4829535000000003,295.9379999999974
266.22,0.9929,0.8705,10.0336,0.0245,0.0245,0.1336,52.558512400000005,-1.4829714000000005,295.7610000000003
266.32,0.7128,1.1799,10.1956,0.0119,0.0119,-0.2086,52.5585177,-1.4829892999999994,295.7699999999997
266.419,2.3364,0.5167,8.6281,0.0393,0.0393,-0.0331,52.558523046000005,-1.4830068229999998,296.1689699999941
266.52,-0.0455,-0.9336,9.5981,0.0203,0.0203,-0.0494,52.558528300000006,-1.4830246,295.98900000000003
266.62,-0.1724,0.1689,9.4926,-0.0294,-0.0294,0.1484,52.5585335,-1.4830424,295.2799999999828
266.72,-0.1779,0.7471,10.397,-0.0026,-0.0026,-0.024,52.5585384,-1.4830605000000003,294.1190000000602
266.819,0.8731,0.5059,9.5226,-0.0542,-0.0542,-0.1579,52.558543647,-1.4830777259999997,296.13463999994264
266.92,1.2372,0.2502,9.6404,0.01,0.01,-0.0732,52.5585486,-1.4830954999999997,294.9980000000164
267.02,0.982,0.2307,9.1763,0.0195,0.0195,-0.0052,52.5585537,-1.483113,295.209
267.12,-1.5889,-0.0164,9.9139,-0.0067,-0.0067,0.0505,52.5585589,-1.4831303000000002,296.0269999999914
267.22,-0.1384,-0.3347,9.5792,-0.0325,-0.0325,-0.008,52.5585639,-1.4831477000000004,295.4459999999957
267.32,0.8316,0.7008,9.8617,-0.0474,-0.0474,-0.1227,52.5585688,-1.4831647999999995,295.2990000000043
267.42,0.7256,-0.1891,9.4302,0.0052,0.0052,-0.1212,52.5585737,-1.4831819,295.1870000000016
267.52,-0.5392,-0.2393,9.9849,0.0313,0.0313,-0.0134,52.5585787,-1.4831988,295.848
267.62,-0.1305,-0.1111,9.4824,-0.0081,-0.0081,0.0125,52.558583500000005,-1.4832155000000002,295.5519999999939
267.72,-0.3475,-0.1878,9.7691,-0.0009,-0.0009,0.0334,52.5585881,-1.4832318000000002,295.13499999999834
267.82,-0.4951,0.1298,10.0531,0.0117,0.0117,-0.0587,52.5585926,-1.4832476999999995,295.0800000000016
267.92,-0.3353,-0.0813,9.8226,0.0309,0.0309,0.0478,52.5585973,-1.4832632999999997,295.8879999999885
268.02,-1.4459,-0.0697,10.2887,0.0123,0.0123,0.0019,52.5586019,-1.4832785,296.244
268.12,-1.2928,-0.3498,9.8965,0.0289,0.0289,0.0505,52.5586064,-1.4832930000000002,296.6930000000042
268.22,-1.1372,-0.1317,9.8183,0.0295,0.0295,0.0416,52.5586107,-1.4833070000000004,296.9760000000189
268.32,-2.0165,-0.1626,9.7277,0.0266,0.0266,-0.0305,52.5586151,-1.4833205,297.61599999998145
268.42,-1.0223,-0.6523,9.9616,-0.0116,-0.0116,-0.0094,52.5586192,-1.4833333999999998,298.0879999999933
268.52,-1.3073,0.0061,9.7497,0.0007,0.0007,0.0462,52.5586236,-1.4833457,299.646
268.62,-1.0962,0.0841,9.6571,0.0658,0.0658,0.0149,52.5586279,-1.4833572000000002,301.04600000001005
268.72,-1.6918,-0.0593,9.7427,-0.0335,-0.0335,-0.0265,52.5586321,-1.4833683000000002,301.72600000000017
268.821,-1.6866,-0.635,9.702,-0.0056,-0.0056,-0.0066,52.558636142,-1.4833792039999998,301.75003999994857
268.92,-2.3007,-0.6625,10.2373,0.0358,0.0358,0.0499,52.5586403,-1.4833894999999997,303.53599999997436
269.02,-2.5687,-0.3906,10.0978,0.0399,0.0399,-0.0006,52.5586445,-1.4833992,304.811
269.12,-1.3728,-0.4088,9.9623,0.0203,0.0203,0.0816,52.5586486,-1.4834084,305.99500000000734
269.22,-2.8251,-1.4861,9.7547,0.0667,0.0667,0.0161,52.5586527,-1.4834174000000002,306.4910000000861
269.32,-4.4835,-1.8319,10.4757,0.0161,0.0161,0.0211,52.5586572,-1.4834261999999998,309.4039999999155
269.42,-1.6198,-1.6352,10.5553,-0.1349,-0.1349,-0.1092,52.55866160000001,-1.4834343999999997,310.67699999998194
269.52,-0.003,-0.6446,10.5071,0.0408,0.0408,-0.0479,52.5586659,-1.4834423,311.599
269.62,-1.7269,-1.1499,10.0701,0.0434,0.0434,0.1774,52.5586705,-1.4834498,314.57600000004646
269.72,-4.8218,-1.948,9.963,0.1334,0.1334,0.1119,52.5586752,-1.4834567000000003,317.71900000014085
269.82,-0.4162,-3.2628,9.9749,0.0312,0.0312,0.0998,52.5586805,-1.483463,322.4849999998618
269.921,-0.0467,-2.9544,9.6033,-0.0494,-0.0494,-0.1179,52.558685649,-1.4834690529999999,323.89704999996707
270.02,1.2292,-3.8691,9.4504,-0.0494,-0.0494,-0.1179,52.5586905,-1.4834743,326.17900000000003
270.12,2.3628,-3.7675,9.085,-0.0752,-0.0752,0.0771,52.5586956,-1.483479,329.55000000006225
270.22,-6.6439,-8.0641,10.4884,-0.0218,-0.0218,0.3794,52.5587008,-1.483483,333.7600000001321
270.32,-5.6696,-6.9731,11.3329,0.0845,0.0845,0.212,52.5587063,-1.4834863,338.2299999998704
270.42,-1.7767,-2.8081,11.2116,0.1431,0.1431,-0.3054,52.5587118,-1.4834891,341.6559999999513
270.52,4.6305,1.8758,7.6212,-0.3129,-0.3129,0.4211,52.5587173,-1.4834912,345.797
270.62,5.7085,-4.5231,10.0463,-0.0384,-0.0384,-0.1252,52.5587229,-1.4834923999999998,350.9370000000614
270.719,4.2191,-0.4411,10.5787,0.0965,0.0965,-0.1432,52.558728444,-1.483492994,355.05144000012086
270.82,4.5518,0.3129,8.9863,-0.1341,-0.1341,0.0417,52.558733800000006,-1.483493,358.64799999989697
270.92,3.0118,-0.8517,9.4436,-0.0021,-0.0021,0.0494,52.5587392,-1.4834919999999998,4.965000005026127
271.02,-2.157,0.9529,9.1865,0.082,0.082,-0.1637,52.558744700000005,-1.4834907999999998,7.153
271.12,4.7816,-4.1208,9.4576,0.012,0.012,-0.1913,52.55875,-1.4834888,11.119000000076381
271.22,2.2739,-0.4874,9.6135,-0.0607,-0.0607,0.0198,52.5587552,-1.4834861,16.2870000000702
271.32,2.6351,2.7262,10.1161,0.0729,0.0729,0.1514,52.55876009999999,-1.4834832999999998,18.661999999931147
271.42,1.8539,-1.0103,10.2987,0.0861,0.0861,0.0685,52.5587651,-1.4834797,22.433999999946398
271.52,2.0804,-2.6393,9.3301,0.0043,0.0043,-0.1651,52.5587698,-1.4834758,25.47
271.62,3.0213,0.9813,8.8789,-0.0057,-0.0057,-0.1974,52.5587746,-1.4834717,27.2690000000411
271.72,6.6975,1.6559,8.5777,-0.1175,-0.1175,-0.0306,52.5587793,-1.4834670999999997,30.05000000006518
271.82,4.1792,0.7232,9.2603,-0.0352,-0.0352,0.0961,52.558784,-1.4834621000000001,32.25499999993608
271.92,0.5695,-3.1236,9.7183,-0.0067,-0.0067,0.2421,52.5587886,-1.4834569,33.47799999998262
272.02,1.5105,0.2491,9.2707,0.0552,0.0552,0.0988,52.5587935,-1.4834509000000002,36.55
272.12,1.0359,-0.4593,9.9072,0.0256,0.0256,-0.243,52.5587982,-1.4834446,38.81400000002857
272.22,3.0322,2.9891,9.0661,-0.1117,-0.1117,-0.2313,52.558803000000005,-1.4834377999999997,40.74700000004052
272.32,3.3672,3.7244,8.353,0.0532,0.0532,-0.0009,52.5588079,-1.4834305000000003,42.117999999960254
272.42,1.473,-0.6842,9.1709,0.1577,0.1577,0.1157,52.5588127,-1.4834229,43.44699999998112
272.52,1.1663,-2.973,9.0524,-0.0648,-0.0648,0.0467,52.5588174,-1.4834147999999998,45.623000000000005
272.62,0.9858,-1.5396,9.0915,0.0166,0.0166,-0.2596,52.5588224,-1.4834066999999997,45.059000000009945
272.72,2.8335,1.7274,9.3448,-0.1199,-0.1199,-0.119,52.558827400000006,-1.4833980999999996,45.732000000041054
272.82,3.1688,1.035,9.502,-0.0189,-0.0189,0.0734,52.5588325,-1.4833891000000001,47.120999999959736
272.919,2.5584,-0.1366,9.8919,-0.0152,-0.0152,-0.0796,52.558837548999996,-1.4833799920000001,47.17346999999922
273.02,0.4256,-3.1693,9.4892,-0.1343,-0.1343,0.1543,52.558843,-1.4833707000000005,46.422
273.12,1.6707,-0.6928,9.5894,-0.0139,-0.0139,-0.468,52.5588483,-1.4833610999999998,47.11699999998368
273.22,4.9866,1.435,9.6074,-0.0748,-0.0748,-0.0463,52.5588539,-1.4833515999999995,46.01299999998351
273.32,4.2753,-1.1586,9.5713,-0.0666,-0.0666,0.2061,52.5588597,-1.4833421000000004,45.45500000001618
273.42,1.796,-1.6516,10.5787,0.0832,0.0832,-0.0602,52.5588654,-1.4833323000000003,45.7789999999954
273.52,2.6749,-2.3254,10.1945,-0.0305,-0.0305,0.1621,52.5588716,-1.4833223999999998,44.703
273.62,4.1589,0.8296,10.0687,-0.097,-0.097,-0.0966,52.5588778,-1.4833127999999998,43.56699999999198
273.719,3.2685,0.8878,10.7445,-0.0636,-0.0636,-0.3368,52.558884136,-1.483303197,43.02942999998421
273.82,0.4586,-1.6507,10.3128,-0.0308,-0.0308,0.108,52.558890600000005,-1.4832935,42.24500000002258
273.92,0.0682,-3.3358,9.1243,0.0121,0.0121,0.1836,52.5588972,-1.4832844,40.09000000003063
274.02,2.014,-1.3163,10.072,-0.0082,-0.0082,0.2376,52.5589039,-1.4832754,39.567
274.12,2.4027,-0.5493,9.3544,-0.0032,-0.0032,-0.0079,52.5589108,-1.4832664999999998,38.84799999998857
274.22,0.6332,-0.5539,9.3238,0.019,0.019,-0.1576,52.5589176,-1.4832577999999998,38.07499999995289
274.319,2.537,-0.3656,9.4625,0.0257,0.0257,0.0425,52.55892453,-1.4832493850000001,36.49694000004491
274.42,2.0113,-1.2502,9.9369,-0.0621,-0.0621,0.0214,52.5589319,-1.4832414000000003,34.285000000031204
274.52,0.4767,-0.5636,10.2067,-0.086,-0.086,-0.0309,52.5589393,-1.4832333,33.609
274.62,1.282,-1.6954,10.5621,-0.0193,-0.0193,0.0805,52.5589468,-1.4832257,32.11799999998277
274.72,1.5172,-0.7545,9.9483,0.0755,0.0755,0.0244,52.5589545,-1.4832181999999998,30.951999999953475
274.82,5.0051,0.8807,8.878,-0.0789,-0.0789,-0.0058,52.5589623,-1.4832111000000001,29.37800000004563
274.92,4.7567,-1.485,9.2352,-0.0953,-0.0953,0.3915,52.5589701,-1.4832043,28.15500000001738
275.02,1.3553,-2.1982,10.7696,0.1776,0.1776,-0.4037,52.5589781,-1.4831977,26.792
275.12,4.9414,0.6614,10.7319,-0.0476,-0.0476,-0.2415,52.5589863,-1.4831912,26.043999999985385
275.22,1.0693,-2.4585,11.5242,-0.2141,-0.2141,0.1719,52.5589944,-1.4831849999999998,25.054999999995655
275.32,2.3489,-0.3359,11.3929,0.1186,0.1186,-0.1238,52.5590025,-1.4831788000000001,24.908000000004265
275.42,1.5421,-0.7596,11.4146,-0.105,-0.105,0.0334,52.55901070000001,-1.4831725,25.101999999997243
275.52,0.2245,-1.0872,10.0352,-0.0208,-0.0208,0.1289,52.5590189,-1.4831662,25.129
275.619,-0.673,-1.3131,9.2695,-0.015,-0.015,0.0049,52.559027117,-1.4831599629999999,24.847839999995777
275.72,0.0127,-0.7437,8.8095,-0.0317,-0.0317,-0.1183,52.55903550000001,-1.4831534999999998,25.046000000003488
275.82,0.4249,-0.4798,9.4323,-0.0906,-0.0906,0.0619,52.559043800000005,-1.4831471000000003,25.16399999999658
275.92,-0.6395,-0.9368,10.2319,0.0151,0.0151,-0.0294,52.5590522,-1.4831407,24.980000000002615
276.021,-2.0775,-0.1748,10.0154,-0.0299,-0.0299,0.085,52.55906078500001,-1.483134234,24.90729000000011
276.12,-0.2039,-0.7624,10.3379,0.0516,0.0516,-0.0318,52.5590692,-1.4831277,25.133999999999617
276.22,1.4745,-2.2087,10.4269,-0.103,-0.103,0.0893,52.5590777,-1.4831211,25.108000000004022
276.32,1.6246,-2.5125,10.1052,0.1563,0.1563,-0.1522,52.5590863,-1.4831145000000001,25.243999999996056
276.42,-0.4392,-1.1258,10.4805,-0.0133,-0.0133,-0.0124,52.559095,-1.4831079,25.13700000000152
276.52,-0.0273,-1.4108,10.5571,0.0988,0.0988,0.0094,52.5591036,-1.4831009000000002,25.926
276.62,1.0233,-0.8442,10.4422,-0.0483,-0.0483,0.0736,52.5591122,-1.4830941,25.944000000011737
276.719,0.0723,0.2667,10.1537,0.065,0.065,-0.023,52.55912081300001,-1.4830869719999997,26.730060000023094
276.82,-0.451,-0.0099,9.2187,-0.0504,-0.0504,0.0164,52.559129600000006,-1.4830800000000004,26.189000000015916
276.921,-1.2459,-0.3335,9.6639,-0.0041,-0.0041,-0.0246,52.55913828800001,-1.483072728,26.83586000000163
277.02,0.5097,0.7114,9.1164,-0.0576,-0.0576,0.0437,52.559147,-1.4830656,26.723000000000003
277.12,0.0519,0.2747,9.7397,-0.0943,-0.0943,-0.0057,52.5591556,-1.4830584000000002,26.844999999993732
277.22,-0.3402,0.73,9.9084,0.003,0.003,-0.0081,52.5591644,-1.4830512999999999,26.420999999988116
277.32,0.4459,-0.0714,10.3535,0.0381,0.0381,0.0752,52.5591732,-1.4830443000000002,26.01900000001165
277.42,-0.201,-0.8006,10.5998,0.0764,0.0764,0.0043,52.559182,-1.4830371999999998,26.16399999999794
277.52,-0.0702,-0.2213,10.4803,-0.0675,-0.0675,-0.01,52.5591909,-1.48303,26.186
277.62,1.536,-0.6233,9.7179,-0.0443,-0.0443,-0.0521,52.5591997,-1.4830227,26.75699999999805
277.72,1.0355,0.5115,9.5268,0.0401,0.0401,-0.0484,52.5592085,-1.4830153999999998,26.625000000008985
277.82,0.0693,0.1245,9.7001,-0.0722,-0.0722,0.0649,52.5592173,-1.4830080000000003,26.928999999991184
277.92,-0.7334,0.5099,10.0817,0.0346,0.0346,0.0103,52.5592263,-1.4830005,26.709000000003126
278.02,-0.332,0.0313,10.0564,0.0712,0.0712,-0.0507,52.5592352,-1.482993,27.077
278.12,0.0023,0.1843,9.907,-0.0108,-0.0108,0.0195,52.5592442,-1.4829855,26.63999999999883
278.22,-0.8881,0.3382,9.6671,0.0143,0.0143,-0.0406,52.55925320000001,-1.4829780999999997,26.560999999998877
278.32,-0.1322,-0.4511,9.7164,0.0659,0.0659,-0.0149,52.5592622,-1.4829706000000002,26.523000000001105
278.42,0.0703,1.1593,10.2152,0.0036,0.0036,0.1133,52.5592712,-1.4829631,26.659999999998053
278.52,0.9519,1.3723,10.5526,-0.0843,-0.0843,0.0475,52.5592803,-1.4829556,26.855
278.62,0.2027,-0.2615,10.0499,0.022,0.022,-0.0517,52.5592895,-1.4829480999999998,26.576000000009696
278.72,-0.3873,0.1715,9.5061,-0.0291,-0.0291,0.0336,52.559298600000005,-1.4829403999999997,27.231999999990098
278.82,-0.4975,-0.3307,9.0708,-0.0975,-0.0975,0.0759,52.5593076,-1.4829328000000004,26.89700000000971
278.92,-0.674,0.1003,9.4509,-0.0193,-0.0193,-0.0062,52.5593167,-1.4829252,26.902999999999913
279.02,-1.0812,0.4815,9.2302,0.0901,0.0901,-0.0583,52.5593259,-1.4829176000000002,26.744
279.12,0.3092,-0.5377,9.6403,0.0497,0.0497,-0.0483,52.559335,-1.4829101,26.771000000002868
279.219,0.7683,-0.3103,10.0936,0.0314,0.0314,-0.0528,52.559344009,-1.4829025759999999,26.96306000000564
279.319,0.9346,0.116,9.8498,-0.0147,-0.0147,-0.026,52.559353208,-1.4828948770000001,26.791750000004928
279.421,0.5973,-0.5461,9.6189,-0.0508,-0.0508,0.0995,52.559362492000005,-1.482887022,27.370600000003435
279.52,-0.973,-0.6363,9.3046,0.0158,0.0158,-0.0927,52.5593716,-1.4828793,27.133000000000003
279.62,-1.6273,0.034,9.8546,0.0585,0.0585,-0.0921,52.559380700000006,-1.4828715999999997,27.280000000004744
279.72,-0.3883,1.0093,9.4953,0.0046,0.0046,0.0107,52.559389900000006,-1.4828637999999998,27.600999999989416
279.82,0.7148,1.3006,9.8169,-0.0226,-0.0226,0.0771,52.559399,-1.4828560000000004,27.243000000010376
279.92,0.6403,1.2071,9.8374,-0.0296,-0.0296,-0.0937,52.5594081,-1.4828482,27.549999999995638
280.021,-0.4001,0.888,9.2954,0.0273,0.0273,-0.0553,52.55941739099999,-1.482840322,27.41519000000006
280.12,-1.5482,0.2033,9.3574,0.0766,0.0766,-0.085,52.5594264,-1.4828326000000003,27.53300000000395
280.219,-2.0487,-0.2914,9.3216,-0.0478,-0.0478,0.1823,52.559435508,-1.482824779,27.797330000007765
280.319,0.1795,-0.6602,9.3481,0.0345,0.0345,-0.0759,52.559444609,-1.4828167800000003,28.014829999993886
280.419,1.0355,0.1443,9.3204,-0.0764,-0.0764,-0.0617,52.559453808,-1.4828087800000003,28.01304000000006
280.52,0.9311,0.9533,9.4916,0.005,0.005,-0.0252,52.559463,-1.4828006,28.496
280.62,-1.7112,-0.2565,9.4126,0.0118,0.0118,0.0417,52.5594722,-1.4827924999999997,28.400999999998966
280.72,-2.7973,-0.931,9.5623,-0.0703,-0.0703,0.0736,52.5594814,-1.4827843999999997,28.331000000012974
280.82,-1.7531,0.2222,9.7315,-0.014,-0.014,-0.1943,52.5594905,-1.4827762000000002,28.769999999987274
280.92,2.141,1.6717,9.9848,-0.0017,-0.0017,-0.1978,52.5594998,-1.4827680000000003,28.175000000008456
281.02,1.8451,1.71,9.8422,0.0153,0.0153,-0.0415,52.5595091,-1.48276,27.795
281.12,2.643,2.0561,9.0929,0.0257,0.0257,0.2122,52.5595183,-1.4827518999999998,28.28699999999413
281.22,-1.5659,0.6138,9.5614,-0.0338,-0.0338,0.0967,52.5595277,-1.4827438,27.889999999985044
281.32,-3.9516,-0.6391,9.696,-0.1107,-0.1107,-0.1207,52.559537,-1.4827358000000002,27.38400000001467
281.42,-2.4603,0.7289,10.0207,-0.0707,-0.0707,-0.2313,52.5595463,-1.4827277000000003,27.9959999999913
281.52,0.4857,3.7988,10.4569,0.0509,0.0509,0.0989,52.5595557,-1.4827196,27.754
281.62,-0.0687,2.7933,10.2273,0.0933,0.0933,0.1776,52.5595651,-1.4827111999999998,28.394999999988293
281.72,-3.1052,0.8491,9.5952,-0.021,-0.021,0.1187,52.559574600000005,-1.4827030999999997,27.60299999998655
281.82,-4.2854,1.7243,9.5632,0.021,0.021,0.0032,52.5595841,-1.4826951000000004,27.148000000013194
281.921,-4.2376,2.007,9.7758,-0.0008,-0.0008,-0.0423,52.559593694,-1.482686812,27.714539999984925
282.02,-0.778,4.0304,9.1959,-0.0799,-0.0799,-0.0079,52.559603,-1.4826781,28.758000000000003
282.12,-3.0958,2.2321,9.2596,0.0954,0.0954,0.143,52.5596126,-1.4826697999999998,28.2870000000052
282.219,-4.3718,1.77,10.3598,0.0032,0.0032,0.1417,52.559622104,-1.4826612859999997,28.635480000010237
282.32,-4.8586,2.6236,10.7893,0.0084,0.0084,-0.1585,52.55963199999999,-1.4826528000000003,28.01300000001815
282.419,-1.4434,1.5752,10.015,0.0798,0.0798,-0.0941,52.559641504,-1.4826436920000001,29.574229999976836
282.519,-1.1796,1.7106,9.7805,0.0619,0.0619,-0.0032,52.559651104,-1.482634888,29.425659999999983
282.619,-3.9096,0.0319,9.5435,-0.087,-0.087,0.1064,52.559660803,-1.4826257909999998,29.735850000004685
282.721,-3.8802,0.8551,9.5729,-0.0056,-0.0056,0.017,52.559670694999994,-1.4826161049999995,30.587680000019198
282.82,-3.1653,1.6878,10.1512,-0.0065,-0.0065,0.0347,52.5596801,-1.4826067000000003,31.248999999980633
282.92,-2.175,-0.8229,9.6388,-0.0047,-0.0047,-0.0141,52.5596898,-1.4825971000000002,31.205000000000624
283.02,-2.4102,-1.221,9.8539,0.0035,0.0035,-0.0096,52.5596997,-1.4825872,31.485
283.12,-2.3835,-2.3891,9.8431,-0.0412,-0.0412,0.0224,52.5597094,-1.4825775999999997,31.298000000001696
283.22,-3.4521,-1.9875,9.9921,0.0191,0.0191,-0.0653,52.5597194,-1.4825675999999999,31.412999999989243
283.32,-3.5362,-2.9001,10.0982,0.0811,0.0811,-0.0598,52.5597293,-1.4825579000000002,31.04900000001055
283.42,-2.3828,-3.4302,9.1348,-0.0102,-0.0102,0.0583,52.5597391,-1.4825481,31.244999999997216
283.521,-2.0178,-4.3642,8.6123,-0.0239,-0.0239,0.0954,52.5597492,-1.482538102,31.228549999999885
283.619,-2.3002,-2.4719,9.2589,-0.1347,-0.1347,0.1487,52.559759,-1.482528498,30.98844999999636
283.719,-3.4807,-4.7988,10.0937,-0.0819,-0.0819,0.0567,52.559768901000005,-1.4825186979999996,31.255280000007915
283.819,-2.8761,-3.7555,10.2409,0.0623,0.0623,-0.1307,52.5597789,-1.482508799,30.887740000010538
283.919,-1.1556,-6.0654,10.2573,0.1432,0.1432,0.1763,52.559788999000006,-1.482498998,30.893899999999853
284.02,-1.0465,-4.0855,10.1555,0.1069,0.1069,0.0316,52.5597991,-1.4824890999999998,30.909
284.12,-0.309,-4.7863,9.6471,0.0115,0.0115,0.0427,52.5598091,-1.4824792999999998,30.890000000000043
284.22,-0.7405,-4.6659,9.6716,-0.0252,-0.0252,-0.002,52.559819,-1.4824696,30.893000000006325
284.32,-1.5675,-5.1942,10.689,-0.0045,-0.0045,-0.01,52.5598289,-1.4824598000000002,31.106999999993796
284.42,-1.6465,-4.425,9.917,-0.0245,-0.0245,-0.0423,52.5598388,-1.4824501000000003,31.047000000000853
284.52,-1.8967,-5.29,9.8463,-0.0078,-0.0078,0.0291,52.55984850000001,-1.4824403000000002,31.583
284.62,-0.3763,-5.4031,10.2027,0.0275,0.0275,-0.0546,52.5598585,-1.4824306999999999,30.42700000000056
284.72,-0.4967,-4.0768,9.5193,0.074,0.074,-0.0782,52.5598685,-1.4824210999999998,30.464999999948862
284.82,-0.8442,-3.1768,9.5825,0.0224,0.0224,-0.0653,52.559878600000005,-1.4824122000000002,28.735000000050153
284.92,-0.1364,-3.712,10.119,-0.0369,-0.0369,-0.0152,52.5598887,-1.4824030000000001,28.961999999996774
285.02,-0.1293,-2.5137,9.999,-0.0648,-0.0648,-0.0389,52.559899,-1.4823944,27.558000000000003
285.12,-0.2312,-2.228,10.2958,-0.0051,-0.0051,-0.1493,52.559909100000006,-1.4823859999999995,27.016999999993438
285.22,0.1799,-3.2981,9.6572,0.0346,0.0346,-0.0966,52.5599193,-1.4823775999999997,26.573000000037865
285.32,0.6628,-2.6941,10.2536,0.1119,0.1119,0.0843,52.5599291,-1.4823689000000002,27.853999999962863
285.42,0.4396,-1.452,10.1138,0.012,0.012,0.0684,52.5599392,-1.4823603000000003,27.594000000003696
285.52,0.7349,0.2425,9.921,-0.0143,-0.0143,0.0003,52.5599492,-1.4823516,27.704
285.62,2.217,-2.7457,10.4817,0.0663,0.0663,-0.1506,52.5599593,-1.4823427999999998,28.019999999984968
285.72,2.0148,-3.5749,10.6282,0.041,0.041,0.0448,52.5599693,-1.4823344999999999,27.002999999984866
285.82,2.7474,-2.4083,10.1675,0.1211,0.1211,0.1251,52.5599793,-1.4823263000000002,26.491000000014843
285.92,2.5043,-0.2767,10.0564,-0.0291,-0.0291,0.1401,52.5599892,-1.4823185,25.90400000000834
286.019,2.6951,-0.8697,9.3015,0.0136,0.0136,0.1219,52.5599991,-1.48231058,25.927760000000003
286.119,2.0511,-1.4266,10.2708,0.0382,0.0382,0.1336,52.560009001000005,-1.482302778,25.638919999995657
286.22,1.1293,-2.504,11.6701,-0.0527,-0.0527,-0.1906,52.5600191,-1.4822948999999999,25.780999999989948
286.32,1.1298,1.6329,9.1793,0.032,0.032,-0.1647,52.5600289,-1.4822873000000003,25.441000000009854
286.42,-0.2311,1.5427,7.6253,0.1556,0.1556,0.204,52.5600388,-1.4822797,25.098000000004877
286.52,3.2913,-2.0751,9.6466,-0.0509,-0.0509,0.1698,52.5600486,-1.4822723000000002,24.819000000000003
286.62,0.7569,-2.3499,10.0239,-0.2157,-0.2157,-0.2606,52.560058600000005,-1.4822652,23.563000000011733
286.72,0.6442,4.48,9.283,-0.0738,-0.0738,-0.3188,52.5600684,-1.4822578999999998,24.356999999952706
286.82,1.4605,2.3096,9.2082,0.0081,0.0081,-0.0755,52.5600783,-1.4822512000000003,22.757000000046386
286.921,1.3811,-2.4091,10.3801,0.0916,0.0916,0.1993,52.560088398,-1.482244736,21.667650000000503
287.02,0.2399,0.7058,10.3695,0.0486,0.0486,0.1763,52.5600981,-1.4822384,21.633000000000003
287.12,0.7526,3.3187,9.246,-0.0107,-0.0107,-0.0791,52.5601083,-1.4822324,20.283000000001273
287.22,0.6023,0.6955,9.1822,0.0575,0.0575,-0.1103,52.560118,-1.4822264999999997,20.368999999954863
287.32,1.0136,1.4712,9.5942,-0.0111,-0.0111,0.0416,52.5601281,-1.4822208000000001,18.842000000044266
287.42,-0.6692,3.6095,9.0398,-0.0848,-0.0848,0.0889,52.560138,-1.4822154,18.596000000003496
287.52,-0.5193,5.2467,9.356,-0.0426,-0.0426,-0.1287,52.560148000000005,-1.4822105,16.839000000000002
287.62,-0.6238,6.0617,9.646,-0.015,-0.015,-0.3843,52.560158,-1.4822058,16.04599999997662
287.72,-0.1903,3.2151,10.0272,-0.0759,-0.0759,0.0307,52.560168100000006,-1.4822015999999998,14.463999999974757
287.82,0.2084,-0.2965,9.9324,0.0668,0.0668,0.3693,52.5601781,-1.4821976000000001,13.610000000024757
287.92,-0.009,2.3867,9.4948,0.1119,0.1119,-0.003,52.5601882,-1.4821938,12.803000000011469
288.02,0.238,4.1214,10.5387,0.1119,0.1119,-0.003,52.56019820000001,-1.4821904,11.945
288.12,0.1019,1.7583,10.3807,0.1473,0.1473,-0.1807,52.5602083,-1.482187,11.341999999988916
288.22,0.3652,6.7181,9.7453,0.0586,0.0586,-0.2047,52.5602184,-1.482184,10.591999999963761
288.32,1.4065,2.2122,10.446,-0.0826,-0.0826,-0.4101,52.5602285,-1.4821813,9.366000000035541
288.42,0.3935,-1.2705,10.7351,-0.1172,-0.1172,-0.0408,52.560238600000005,-1.4821787,9.120000000003495
288.52,-1.3968,6.1151,9.69,0.0546,0.0546,0.4026,52.5602486,-1.4821758,9.6
288.62,-0.6227,7.4126,9.6344,-0.0121,-0.0121,0.0825,52.56025880000001,-1.4821732,9.268999999991946
288.719,0.9496,3.2394,10.2051,0.0809,0.0809,-0.3799,52.56026889799999,-1.482170725,8.729449999984151
288.82,1.5299,-1.6149,11.2509,-0.1639,-0.1639,-0.2743,52.5602791,-1.4821682,8.250000000013742
288.92,1.3634,-0.2076,10.5906,0.0776,0.0776,0.2766,52.5602894,-1.482166,7.577000000009565
289.02,1.1131,0.9074,10.2797,0.0771,0.0771,0.2242,52.5602998,-1.482164,6.884
289.12,0.5122,3.8609,9.4924,0.042,0.042,-0.3714,52.5603102,-1.4821621,6.434999999982412
289.22,0.4283,5.5813,10.1932,-0.0475,-0.0475,-0.0184,52.560320700000005,-1.4821606,5.2450000000010055
289.32,0.2626,0.6839,10.6849,-0.1756,-0.1756,0.1026,52.5603313,-1.4821588999999995,5.278999999999014
289.42,0.1202,-1.4148,10.1949,0.0442,0.0442,0.0405,52.5603418,-1.4821577,4.20800000001522
289.52,-2.1793,-2.4589,10.8822,-0.1038,-0.1038,-0.0711,52.5603525,-1.4821565,3.845
289.62,1.2479,3.4912,9.4201,-0.0483,-0.0483,-0.256,52.5603633,-1.4821555000000002,3.37999999999329
289.72,-1.2964,1.7924,10.1043,0.0052,0.0052,-0.1247,52.5603742,-1.4821546,2.9259999999707076
289.82,0.2648,-0.2244,10.9512,0.058,0.058,0.1274,52.560385200000006,-1.4821540000000002,1.935000000028729
289.92,0.7468,-1.1847,10.0576,-0.0248,-0.0248,0.1534,52.5603962,-1.4821537,1.106000000011781
290.02,1.1854,0.8564,9.1063,0.06,0.06,-0.0145,52.5604074,-1.4821535,0.56
290.12,-0.0936,1.8016,8.3654,0.0163,0.0163,-0.0861,52.5604185,-1.4821537,359.50199999998796
290.22,-1.0843,0.7676,9.3516,-0.0201,-0.0201,0.0444,52.5604298,-1.4821543,358.69199999999006
290.32,0.5845,-1.148,9.8949,0.0576,0.0576,0.017,52.560441100000006,-1.4821548,358.35700000000975
290.42,-1.6061,-2.3457,10.3648,-0.0397,-0.0397,0.1581,52.5604525,-1.4821557,357.27800000001537
290.52,0.0964,-0.0485,9.4524,0.0202,0.0202,-0.1154,52.560464,-1.4821569,356.527
290.62,0.3575,1.6771,9.2874,-0.0025,-0.0025,-0.0442,52.5604754,-1.4821581,356.66899999998174
290.72,-0.1865,1.9288,9.434,0.0137,0.0137,-0.0356,52.5604871,-1.4821597,355.42999999999813
290.82,0.7942,-1.3955,10.9191,-0.0535,-0.0535,0.1924,52.560498800000005,-1.4821612,355.36600000000186
290.92,-0.5793,1.0999,10.4366,0.0479,0.0479,0.0522,52.5605105,-1.482163,355.0600000000044
291.02,0.8521,3.4782,9.6498,-0.0188,-0.0188,0.1206,52.5605223,-1.4821649,354.369
291.12,-0.4594,1.8173,9.4232,-0.0641,-0.0641,0.1219,52.560534100000005,-1.482167,353.7869999999902
291.22,0.1141,-1.4497,10.2433,0.0517,0.0517,0.0752,52.5605462,-1.4821694,353.125999999984
291.32,-1.2369,-2.6555,10.7426,-0.0666,-0.0666,0.1848,52.5605581,-1.4821719,352.58600000001564
291.42,0.3375,-0.1001,10.0388,0.0655,0.0655,-0.1603,52.56057,-1.4821747,352.0850000000071
291.52,1.5766,1.2417,9.342,0.0273,0.0273,-0.1214,52.5605822,-1.4821778,351.343
291.619,-0.5809,2.7112,9.1839,-0.0283,-0.0283,0.0799,52.560594277999996,-1.4821810670000006,350.6381199999894
291.72,-1.3555,0.0397,9.4609,0.0049,0.0049,-0.0344,52.5606066,-1.4821846000000003,350.1289999999782
291.82,-0.2597,-1.1056,9.3378,-0.0433,-0.0433,-0.1652,52.5606189,-1.4821884,349.3910000000214
291.92,-0.6763,-1.0448,9.2023,-0.0437,-0.0437,-0.0457,52.5606312,-1.4821923999999995,348.9260000000066
292.02,-1.4846,-0.3848,9.0452,-0.1167,-0.1167,0.0163,52.5606437,-1.4821964,348.746
292.12,-1.072,0.6327,10.24,0.0406,0.0406,0.0427,52.5606561,-1.4822007,348.0669999999975
292.22,-0.8677,2.2268,8.9393,-0.0226,-0.0226,-0.1383,52.5606686,-1.4822051000000007,347.90299999998115
292.32,-0.4465,0.3125,9.3597,-0.0226,-0.0226,0.1567,52.5606812,-1.4822097999999997,347.26400000001854
292.42,-0.8438,-1.5202,10.0346,-0.1205,-0.1205,0.0109,52.5606939,-1.4822148000000002,346.7070000000079
292.52,-0.7715,-0.198,9.7156,0.026,0.026,-0.0532,52.5607066,-1.4822198,346.412
292.62,0.009,2.1402,10.1744,-0.0095,-0.0095,0.0328,52.5607194,-1.4822251000000002,345.93299999998976
292.721,-1.4953,2.4107,9.0196,-0.0621,-0.0621,-0.1386,52.560732428,-1.4822306580000002,345.23094999998835
292.82,-0.0487,1.2312,9.3225,0.0024,0.0024,0.1646,52.5607451,-1.4822363999999997,344.83000000001175
292.921,0.0275,-0.9768,9.8361,-0.0155,-0.0155,0.2004,52.560758231,-1.4822424619999999,344.4052600000082
293.02,0.3076,-1.9341,10.0244,-0.0443,-0.0443,-0.1364,52.5607712,-1.4822486,343.837
293.12,-0.4733,1.7526,8.7035,-0.0187,-0.0187,-0.0692,52.56078419999999,-1.482255,343.37199999999154
293.22,0.2525,2.5284,8.6148,-0.1612,-0.1612,-0.0979,52.5607974,-1.4822616000000002,342.7979999999841
293.32,-0.5257,0.3105,9.1517,-0.0469,-0.0469,0.1469,52.5608106,-1.4822685999999998,342.26000000001557
293.42,-0.3826,-1.8777,10.2517,0.0209,0.0209,0.0857,52.5608238,-1.4822758,341.5260000000104
293.52,-0.2047,0.6223,9.8179,-0.0143,-0.0143,-0.0456,52.5608371,-1.4822832,341.07
293.62,-0.2877,2.2166,9.3577,0.0045,0.0045,-0.134,52.5608504,-1.4822909000000002,340.5289999999981
293.72,-1.1276,0.1829,9.6023,-0.0107,-0.0107,-0.0328,52.5608638,-1.4822988000000001,340.40299999999286
293.82,-0.4099,-1.3668,9.5858,-0.0403,-0.0403,-0.0066,52.5608772,-1.4823066999999999,340.1600000000071
293.92,-0.6274,-0.5614,9.71,0.0037,0.0037,0.1116,52.5608907,-1.4823148999999995,339.77100000000553
294.02,0.415,0.7615,9.8482,-0.0134,-0.0134,0.0372,52.5609043,-1.4823232,339.39300000000003
294.12,-1.0399,0.8238,9.4708,-0.0061,-0.0061,-0.1368,52.5609178,-1.4823318000000003,339.07400000000047
294.22,-0.644,-0.9793,10.218,-0.0452,-0.0452,-0.0834,52.5609315,-1.4823403000000004,339.10499999999774
294.32,-2.5537,-1.2047,10.6265,-0.1744,-0.1744,-0.1114,52.5609452,-1.4823489999999997,339.02800000000224
294.42,-0.0417,2.1711,10.0217,0.101,0.101,0.2103,52.560959,-1.4823576999999997,338.8800000000021
294.52,1.6945,2.7842,10.1264,0.075,0.075,0.1671,52.5609729,-1.4823665,338.902
294.62,1.8987,1.1873,9.6554,0.0172,0.0172,-0.162,52.5609867,-1.4823753000000004,338.740999999997
294.72,0.8119,-1.2877,10.168,-0.0515,-0.0515,-0.1682,52.5610007,-1.4823844000000004,338.5370000000004
294.82,-0.7691,1.2306,9.5236,-0.0841,-0.0841,-0.1551,52.5610148,-1.4823934999999997,338.5509999999996
294.92,-2.0281,3.9026,8.9288,0.0442,0.0442,0.2462,52.561029,-1.4824025999999997,338.60299999999927
295.02,-0.2097,-0.9109,9.9327,0.0506,0.0506,0.0969,52.5610432,-1.4824117,338.61400000000003
295.119,-0.4602,-0.8391,10.2535,0.0378,0.0378,0.0316,52.561057356999996,-1.4824207090000003,338.7555700000021
295.22,0.4615,-1.4888,10.4812,-0.042,-0.042,-0.2098,52.5610719,-1.4824298000000002,338.9609999999971
295.32,-0.185,1.6258,8.972,-0.0611,-0.0611,0.076,52.5610862,-1.4824388999999996,338.86200000000287
295.42,-0.9601,2.2159,8.3891,0.0608,0.0608,0.2328,52.5611008,-1.4824481999999999,338.84000000000026
295.52,-0.207,2.3862,9.6448,-0.0026,-0.0026,-0.0975,52.5611153,-1.4824569,339.814
295.62,0.4185,0.3433,10.6987,0.101,0.101,-0.0906,52.561130000000006,-1.4824658000000002,339.774000000006
295.72,0.7617,-1.5677,10.4168,0.0237,0.0237,0.3508,52.5611448,-1.4824745000000001,340.180000000008
295.82,0.463,-3.4142,10.2585,0.0447,0.0447,0.1511,52.5611596,-1.4824830999999998,340.4509999999922
295.92,-1.462,0.6418,10.1878,-0.0439,-0.0439,-0.0137,52.5611745,-1.4824915999999997,340.736999999996
296.02,-1.1023,2.488,10.0446,-0.014,-0.014,-0.1815,52.5611895,-1.4825003,340.511
296.12,1.2321,1.0294,10.2687,-0.1726,-0.1726,0.1589,52.5612044,-1.4825085000000002,341.47599999999585
296.22,1.1948,-0.8392,10.6499,0.0327,0.0327,-0.0454,52.5612196,-1.4825170000000003,341.1970000000194
296.32,-0.208,0.5483,9.2047,-0.0349,-0.0349,-0.0138,52.561234600000006,-1.4825251,341.853999999981
296.42,-0.0114,0.3052,9.8573,0.0371,0.0371,0.0533,52.5612498,-1.4825328999999998,342.5089999999907
296.52,0.7974,-1.268,9.5252,-0.0312,-0.0312,0.0246,52.5612649,-1.4825403,343.352
296.619,1.0171,-0.5995,9.4139,0.1021,0.1021,-0.0057,52.561280047000004,-1.4825476260000001,343.35299000000003
296.719,-0.0402,2.1875,9.2562,0.2562,0.2562,0.112,52.561295446,-1.4825550260000002,343.62624000000807
296.82,0.4288,-4.594,10.9695,-0.0889,-0.0889,-0.0982,52.5613111,-1.4825626999999997,343.4000000000066
296.92,0.4171,-6.2137,10.3284,-0.0031,-0.0031,-0.1234,52.5613266,-1.4825696999999998,344.5729999999834
297.02,-0.8591,-2.6788,9.8997,-0.0842,-0.0842,0.2097,52.561342,-1.4825768,344.333
297.12,0.4502,-1.5391,10.6185,-0.0136,-0.0136,0.4365,52.561357400000006,-1.4825834,345.2470000000138
297.22,1.249,-2.2177,9.9298,0.1269,0.1269,0.1404,52.5613729,-1.4825896000000003,346.1810000000164
297.32,-0.4671,-0.7,10.0463,-0.0346,-0.0346,-0.1532,52.5613883,-1.4825954999999997,346.7369999999839
297.419,-1.3338,3.1856,9.9887,0.0144,0.0144,-0.0383,52.561403546,-1.4826008460000002,347.74184999998505
297.52,-0.2978,2.425,9.0908,0.0443,0.0443,0.1677,52.5614193,-1.4826061,348.468
297.62,-0.3066,-0.2095,8.6004,-0.0772,-0.0772,0.1441,52.5614346,-1.4826111,348.67700000001554
297.72,-0.6085,-2.2763,9.5084,-0.023,-0.023,-0.1736,52.5614501,-1.4826157000000002,349.7260000000214
297.82,-0.7248,0.8599,9.6907,-0.0215,-0.0215,-0.3444,52.5614656,-1.4826198999999998,350.44899999997904
297.92,-0.1498,4.877,9.0648,-0.0179,-0.0179,0.0548,52.5614809,-1.4826239,350.90699999999345
298.02,-1.6831,0.9398,9.4743,0.1917,0.1917,0.3419,52.5614963,-1.4826277,351.48900000000003
298.12,0.744,-4.0725,11.4062,-0.1027,-0.1027,0.0087,52.5615115,-1.4826309,352.41400000000374
298.22,1.3651,-2.6315,11.1837,-0.1277,-0.1277,-0.238,52.561527,-1.4826342,352.66800000003025
298.32,-0.7064,5.2277,8.7597,-0.0628,-0.0628,-0.3336,52.5615423,-1.4826369,353.6919999999703
298.42,-0.7584,1.9471,9.1589,-0.0325,-0.0325,-0.1189,52.5615577,-1.4826389,355.05799999998067
298.52,1.2617,-2.4,10.5532,0.0516,0.0516,0.3966,52.561573,-1.4826409,355.434
298.62,-0.2308,-3.7938,9.8186,0.1205,0.1205,0.2265,52.5615882,-1.4826421,357.1770000000122
298.72,-0.9451,5.0834,8.294,-0.0082,-0.0082,-0.1588,52.5616034,-1.4826429,358.0000000000429
298.82,-1.9508,5.5699,9.1765,-0.0689,-0.0689,-0.3497,52.5616187,-1.482643,359.4519999999579
298.92,0.5822,-0.6122,10.4757,-0.0715,-0.0715,0.0928,52.5616338,-1.4826428,0.4510000051017755
299.02,-0.1747,-0.7452,10.4029,0.0717,0.0717,0.091,52.561649,-1.4826419999999998,1.682
299.12,0.1229,1.381,9.6842,0.003,0.003,-0.0395,52.5616641,-1.482641,2.2650000000152968
299.22,-0.4331,1.2013,11.0596,-0.0288,-0.0288,0.1282,52.5616791,-1.4826395,3.3000000000140104
299.319,0.5137,-1.8459,10.1983,-0.0004,-0.0004,-0.0213,52.561694048999996,-1.482637817,3.7692599999866467
299.419,0.0016,-0.3265,8.9653,0.1084,0.1084,-0.1904,52.561708951,-1.48263582,4.5679799999882205
299.52,-1.1911,-1.3487,10.7949,0.1554,0.1554,0.057,52.56172419999999,-1.4826335,5.255
299.62,-0.9787,5.458,9.4835,-0.0292,-0.0292,0.3763,52.5617392,-1.4826308,6.205000000012164
299.72,-1.0255,7.09,8.844,-0.0857,-0.0857,-0.1054,52.5617541,-1.4826277,7.028000000026248
299.82,-0.6083,-4.1885,10.7668,-0.0268,-0.0268,-0.4843,52.561769,-1.4826242,7.915999999974257
299.92,0.0123,-5.0417,10.3948,-0.065,-0.065,-0.4829,52.5617839,-1.4826203999999998,8.780999999987708
